,SK_ID_PREV,SK_ID_CURR,MONTHS_BALANCE,AMT_BALANCE,AMT_CREDIT_LIMIT_ACTUAL,AMT_DRAWINGS_ATM_CURRENT,AMT_DRAWINGS_CURRENT,AMT_DRAWINGS_OTHER_CURRENT,AMT_DRAWINGS_POS_CURRENT,AMT_INST_MIN_REGULARITY,AMT_PAYMENT_CURRENT,AMT_PAYMENT_TOTAL_CURRENT,AMT_RECEIVABLE_PRINCIPAL,AMT_RECIVABLE,AMT_TOTAL_RECEIVABLE,CNT_DRAWINGS_ATM_CURRENT,CNT_DRAWINGS_CURRENT,CNT_DRAWINGS_OTHER_CURRENT,CNT_DRAWINGS_POS_CURRENT,CNT_INSTALMENT_MATURE_CUM,NAME_CONTRACT_STATUS,SK_DPD,SK_DPD_DEF
0,2562384,378907,-6,56.97,135000,0.0,877.5,0.0,877.5,1700.325,1800.0,1800.0,0.0,0.0,0.0,0.0,1,0.0,1.0,35.0,Active,0,0
1,2582071,363914,-1,63975.555,45000,2250.0,2250.0,0.0,0.0,2250.0,2250.0,2250.0,60175.08,64875.555,64875.555,1.0,1,0.0,0.0,69.0,Active,0,0
2,1740877,371185,-7,31815.225,450000,0.0,0.0,0.0,0.0,2250.0,2250.0,2250.0,26926.425,31460.085,31460.085,0.0,0,0.0,0.0,30.0,Active,0,0
3,1389973,337855,-4,236572.11,225000,2250.0,2250.0,0.0,0.0,11795.76,11925.0,11925.0,224949.285,233048.97,233048.97,1.0,1,0.0,0.0,10.0,Active,0,0
4,1891521,126868,-1,453919.455,450000,0.0,11547.0,0.0,11547.0,22924.89,27000.0,27000.0,443044.395,453919.455,453919.455,0.0,1,0.0,1.0,101.0,Active,0,0
5,2646502,380010,-7,82903.815,270000,0.0,0.0,0.0,0.0,4449.105,3825.0,3825.0,80519.04,82773.315,82773.315,0.0,0,0.0,0.0,2.0,Active,7,0
6,1079071,171320,-6,353451.645,585000,67500.0,67500.0,0.0,0.0,14684.175,15750.0,15750.0,345433.86,351881.145,351881.145,1.0,1,0.0,0.0,6.0,Active,0,0
7,2095912,118650,-7,47962.125,45000,45000.0,45000.0,0.0,0.0,0.0,264.69,0.0,44735.31,47962.125,47962.125,1.0,1,0.0,0.0,51.0,Active,0,0
8,2181852,367360,-4,291543.075,292500,90000.0,289339.425,0.0,199339.425,130.5,4093.515,4093.515,285376.41,286831.575,286831.575,3.0,8,0.0,5.0,3.0,Active,0,0
9,1235299,203885,-5,201261.195,225000,76500.0,111026.7,0.0,34526.7,6338.34,45000.0,45000.0,192793.275,197224.695,197224.695,3.0,9,0.0,6.0,38.0,Active,0,0
10,1108284,209660,-7,102076.56,180000,92250.0,92250.0,0.0,0.0,0.0,4500.0,4500.0,92237.355,94224.06,94224.06,5.0,5,0.0,0.0,0.0,Active,0,0
11,2740914,340339,-1,131669.145,225000,10800.0,10800.0,0.0,0.0,6000.48,6322.5,6322.5,121430.7,127891.935,127891.935,2.0,2,0.0,0.0,6.0,Active,0,0
12,1985699,302517,-4,1427.265,135000,4500.0,101304.72,0.0,96804.72,3023.955,85500.0,85500.0,0.0,0.0,0.0,1.0,30,0.0,29.0,27.0,Active,0,0
13,1441883,171537,-5,0.0,270000,0.0,0.0,0.0,0.0,12218.49,2607.795,1448.64,0.0,0.0,0.0,0.0,0,0.0,0.0,2.0,Active,0,0
14,1864742,303581,-1,0.0,45000,0.0,0.0,0.0,0.0,0.0,2.295,0.0,0.0,0.0,0.0,0.0,0,0.0,0.0,59.0,Active,0,0
15,2037377,289902,-1,131294.34,135000,0.0,0.0,0.0,0.0,6774.66,6975.0,6975.0,128518.02,131294.34,131294.34,0.0,0,0.0,0.0,11.0,Active,0,0
16,1816636,255981,-6,72899.955,450000,67500.0,67500.0,0.0,0.0,2457.72,25200.0,25200.0,68954.805,71554.455,71554.455,1.0,1,0.0,0.0,42.0,Active,0,0
17,1039039,276642,-6,0.0,67500,0.0,0.0,0.0,0.0,0.0,0.0,0.0,0.0,0.0,0.0,0.0,0,0.0,0.0,33.0,Completed,0,0
18,2016842,302450,-3,0.0,0,0.0,0.0,0.0,0.0,0.0,0.0,0.0,0.0,0.0,0.0,0.0,0,0.0,0.0,2.0,Completed,0,0
19,1189095,231608,-4,452774.7,450000,9000.0,9000.0,0.0,0.0,22916.475,27000.0,27000.0,440329.05,451429.2,451429.2,1.0,1,0.0,0.0,22.0,Active,0,0
20,1104090,259807,-6,45413.73,45000,105750.0,105750.0,0.0,0.0,1471.005,86887.98,84637.98,43650.855,44068.23,44068.23,3.0,3,0.0,0.0,16.0,Active,0,0
21,1683604,217113,-1,68710.14,67500,0.0,4412.25,0.0,4412.25,3315.24,3375.0,3375.0,67341.87,68710.14,68710.14,0.0,4,0.0,4.0,6.0,Active,0,0
22,2392920,132481,-1,85792.095,135000,45000.0,63337.815,0.0,18337.815,2250.0,23181.57,18521.55,85086.945,85792.095,85792.095,1.0,9,0.0,8.0,5.0,Active,0,0
23,2021411,105755,-5,464452.47,450000,135000.0,279112.5,137700.0,6412.5,8921.97,9000.0,9000.0,448552.125,456379.47,456379.47,5.0,7,1.0,1.0,25.0,Active,0,0
24,1927949,323730,-3,152801.55,157500,0.0,0.0,0.0,0.0,7875.0,7875.0,7875.0,146857.995,152801.55,152801.55,0.0,0,0.0,0.0,70.0,Active,0,0
25,1885349,195164,-6,134249.445,157500,0.0,0.0,0.0,0.0,6906.555,7200.0,7200.0,130930.965,134249.445,134249.445,0.0,0,0.0,0.0,35.0,Active,0,0
26,2024137,184131,-3,67609.125,450000,42750.0,76131.0,0.0,33381.0,2250.0,13500.0,13500.0,65466.54,66263.625,66263.625,1.0,2,0.0,1.0,33.0,Active,0,0
27,2272688,387286,-6,76235.94,180000,31500.0,32985.0,0.0,1485.0,2250.0,18919.035,14175.855,75963.78,76235.94,76235.94,2.0,4,0.0,2.0,1.0,Active,0,0
28,2561523,213409,-2,137812.185,180000,0.0,3100.5,0.0,3100.5,7041.645,9000.0,9000.0,134933.175,137812.185,137812.185,0.0,1,0.0,1.0,5.0,Active,0,0
29,1288249,406607,-4,0.0,270000,0.0,0.0,0.0,0.0,0.0,2394.18,0.0,0.0,0.0,0.0,0.0,0,0.0,0.0,80.0,Active,0,0
30,1598223,427122,-6,44959.455,45000,450.0,1664.46,0.0,1214.46,2291.04,2475.0,2475.0,41942.295,43613.955,43613.955,1.0,3,0.0,2.0,30.0,Active,0,0
31,1503450,388056,-6,364886.415,360000,0.0,0.0,0.0,0.0,18000.0,0.0,0.0,349996.185,361835.91,361835.91,0.0,0,0.0,0.0,42.0,Active,0,0
32,2332261,337802,-6,267745.185,270000,45000.0,45000.0,0.0,0.0,13500.0,13500.0,13500.0,257208.84,267745.185,267745.185,2.0,2,0.0,0.0,92.0,Active,0,0
33,2252971,193247,-4,23422.5,540000,0.0,0.0,0.0,0.0,2250.0,0.0,0.0,22120.335,23346.675,23346.675,0.0,0,0.0,0.0,6.0,Active,0,0
34,2536108,223794,-6,137786.67,135000,0.0,0.0,0.0,0.0,6934.5,7200.0,7200.0,131489.64,137786.67,137786.67,0.0,0,0.0,0.0,35.0,Active,0,0
35,1204677,234016,-7,137723.31,292500,0.0,0.0,0.0,0.0,7846.785,9000.0,1325.52,135489.735,137723.31,137723.31,0.0,0,0.0,0.0,35.0,Active,0,0
36,1487883,379250,-4,0.0,180000,0.0,0.0,0.0,0.0,1520.55,1804.32,1804.32,0.0,0.0,0.0,0.0,0,0.0,0.0,13.0,Active,0,0
37,2043751,441030,-4,436537.755,450000,4500.0,4500.0,0.0,0.0,23238.585,23400.0,23400.0,421431.93,435192.255,435192.255,1.0,1,0.0,0.0,26.0,Active,0,0
38,2257392,384410,-5,116897.895,292500,0.0,0.0,0.0,0.0,5527.755,1244.97,1244.97,111640.86,115367.76,115367.76,0.0,0,0.0,0.0,4.0,Active,0,0
39,1395300,330465,-5,108377.91,135000,0.0,0.0,0.0,0.0,5578.875,5850.0,5850.0,105727.095,108377.91,108377.91,0.0,0,0.0,0.0,42.0,Active,0,0
40,1974378,215299,-1,390808.305,450000,0.0,0.0,0.0,0.0,20074.68,20250.0,20250.0,381243.42,390808.305,390808.305,0.0,0,0.0,0.0,21.0,Active,0,0
41,2014169,147323,-4,45403.11,225000,0.0,0.0,0.0,0.0,5432.625,22500.0,18033.93,44321.4,45403.11,45403.11,0.0,0,0.0,0.0,5.0,Active,0,0
42,2765915,425246,-5,0.0,225000,67500.0,67500.0,0.0,0.0,0.0,69752.07,67772.25,0.0,0.0,0.0,1.0,1,0.0,0.0,3.0,Active,0,0
43,1009803,313797,-4,135326.115,225000,0.0,0.0,0.0,0.0,13500.0,13500.0,13500.0,114841.71,135326.115,135326.115,0.0,0,0.0,0.0,95.0,Active,0,0
44,2293769,352647,-4,110310.12,450000,0.0,0.0,0.0,0.0,6054.075,13500.0,13500.0,107581.5,110310.12,110310.12,0.0,0,0.0,0.0,85.0,Active,0,0
45,2657726,399970,-5,0.0,225000,,0.0,,,0.0,,0.0,0.0,0.0,0.0,,0,,,0.0,Active,0,0
46,1426111,116448,-7,0.0,0,0.0,0.0,0.0,0.0,0.0,0.0,0.0,0.0,0.0,0.0,0.0,0,0.0,0.0,15.0,Completed,0,0
47,1517613,121258,-6,0.0,135000,,0.0,,,0.0,,0.0,0.0,0.0,0.0,,0,,,0.0,Active,0,0
48,1940476,104946,-1,0.0,45000,0.0,0.0,0.0,0.0,0.0,132.885,0.0,0.0,0.0,0.0,0.0,0,0.0,0.0,54.0,Active,0,0
49,2408643,104761,-4,0.0,225000,,0.0,,,0.0,,0.0,0.0,0.0,0.0,,0,,,0.0,Active,0,0
50,1294904,271657,-7,0.0,180000,0.0,0.0,0.0,0.0,0.0,193.5,193.5,0.0,0.0,0.0,0.0,0,0.0,0.0,3.0,Active,0,0
51,1090346,352319,-5,13432.5,135000,0.0,0.0,0.0,0.0,2250.0,3150.0,900.0,13195.98,13432.5,13432.5,0.0,0,0.0,0.0,8.0,Active,0,0
52,1322825,215709,-5,0.0,180000,,0.0,,,0.0,,0.0,0.0,0.0,0.0,,0,,,0.0,Active,0,0
53,1894367,113120,-1,0.0,0,0.0,2145.78,0.0,0.0,811.035,2664.45,2664.45,0.0,0.0,0.0,0.0,0,0.0,0.0,8.0,Completed,0,0
54,1264033,367562,-4,593915.355,558000,54000.0,54000.0,0.0,0.0,23231.475,0.0,0.0,556774.785,585591.66,585591.66,3.0,3,0.0,0.0,12.0,Active,0,0
55,1573869,166121,-1,152923.41,180000,4500.0,4500.0,0.0,0.0,7519.68,7650.0,22.68,149396.085,151352.91,151352.91,1.0,1,0.0,0.0,8.0,Active,0,0
56,1661600,343837,-4,0.0,0,0.0,0.0,0.0,0.0,0.0,30.735,0.0,0.0,0.0,0.0,0.0,0,0.0,0.0,21.0,Active,0,0
57,2652291,217747,-1,199062.9,202500,0.0,0.0,0.0,0.0,10295.64,11025.0,11025.0,194887.665,199062.9,199062.9,0.0,0,0.0,0.0,7.0,Active,0,0
58,1385772,224252,-4,0.0,45000,0.0,0.0,0.0,0.0,0.0,9.225,0.0,0.0,0.0,0.0,0.0,0,0.0,0.0,26.0,Active,0,0
59,1055022,128242,-5,156841.245,225000,18000.0,18000.0,0.0,0.0,6456.915,6750.0,6750.0,122581.44,149668.245,149668.245,5.0,5,0.0,0.0,8.0,Active,0,0
60,1217908,162464,-5,0.0,45000,,0.0,,,0.0,,0.0,0.0,0.0,0.0,,0,,,0.0,Active,0,0
61,1032912,343308,-5,11287.8,135000,0.0,14847.3,0.0,14847.3,0.0,1350.63,1350.63,11282.985,11282.985,11282.985,0.0,14,0.0,14.0,2.0,Active,0,0
62,2759756,249286,-1,145090.665,135000,0.0,3257.64,0.0,3257.64,7140.105,7256.52,7256.52,134925.975,142931.25,142931.25,0.0,4,0.0,4.0,5.0,Active,0,0
63,2726169,252742,-2,0.0,0,0.0,0.0,0.0,0.0,0.0,695.115,0.0,0.0,0.0,0.0,0.0,0,0.0,0.0,42.0,Active,0,0
64,1156144,118055,-7,454135.5,450000,13500.0,13500.0,0.0,0.0,22561.47,22950.0,22950.0,441779.715,452790.0,452790.0,1.0,1,0.0,0.0,39.0,Active,0,0
65,2294189,277880,-5,125690.67,247500,40500.0,40500.0,0.0,0.0,4988.16,15750.0,10575.0,123216.165,123960.195,123960.195,1.0,1,0.0,0.0,9.0,Active,0,0
66,2451557,166894,-1,0.0,270000,,0.0,,,0.0,,0.0,0.0,0.0,0.0,,0,,,0.0,Active,0,0
67,1444467,293607,-6,0.0,45000,0.0,0.0,0.0,0.0,0.0,39.915,0.0,0.0,0.0,0.0,0.0,0,0.0,0.0,40.0,Active,0,0
68,2439019,336961,-5,0.0,135000,0.0,0.0,0.0,0.0,0.0,2048.22,2048.22,0.0,0.0,0.0,0.0,0,0.0,0.0,6.0,Active,0,0
69,1079749,140209,-3,0.0,112500,0.0,0.0,0.0,0.0,0.0,0.0,0.0,0.0,0.0,0.0,0.0,0,0.0,0.0,35.0,Completed,0,0
70,2812675,114707,-5,0.0,0,0.0,0.0,0.0,0.0,0.0,1800.855,0.0,0.0,0.0,0.0,0.0,0,0.0,0.0,39.0,Active,0,0
71,1984677,340224,-7,0.0,450000,,0.0,,,0.0,,0.0,0.0,0.0,0.0,,0,,,0.0,Active,0,0
72,1259317,277061,-7,0.0,135000,0.0,0.0,0.0,0.0,0.0,0.0,0.0,0.0,0.0,0.0,0.0,0,0.0,0.0,45.0,Completed,0,0
73,1471306,311117,-6,2762.775,135000,0.0,256.5,0.0,256.5,8044.47,163912.5,163912.5,0.0,0.0,0.0,0.0,2,0.0,2.0,6.0,Active,0,0
74,2643601,103029,-7,0.0,90000,,0.0,,,0.0,,0.0,0.0,0.0,0.0,,0,,,0.0,Active,0,0
75,2832576,214797,-7,81205.11,720000,13500.0,13500.0,0.0,0.0,3333.24,0.0,0.0,73945.35,79169.175,79169.175,1.0,1,0.0,0.0,8.0,Active,0,0
76,2329144,271670,-6,41497.2,270000,0.0,4050.0,0.0,4050.0,4166.055,45000.0,45000.0,37871.505,39985.785,39985.785,0.0,1,0.0,1.0,4.0,Active,0,0
77,1681467,294744,-6,0.0,0,0.0,0.0,0.0,0.0,0.0,689.85,0.0,0.0,0.0,0.0,0.0,0,0.0,0.0,28.0,Active,0,0
78,1493815,152835,-7,0.0,0,0.0,0.0,0.0,0.0,0.0,479.745,479.745,0.0,0.0,0.0,0.0,0,0.0,0.0,20.0,Active,0,0
79,1245301,183994,-6,0.0,0,0.0,0.0,0.0,0.0,0.0,0.0,0.0,0.0,0.0,0.0,0.0,0,0.0,0.0,49.0,Completed,0,0
80,1312251,385344,-5,0.0,0,0.0,0.0,0.0,0.0,0.0,258.255,0.0,0.0,0.0,0.0,0.0,0,0.0,0.0,26.0,Active,0,0
81,2315769,439525,-7,0.0,45000,0.0,0.0,0.0,0.0,0.0,47.34,0.0,0.0,0.0,0.0,0.0,0,0.0,0.0,53.0,Active,0,0
82,2641736,341787,-7,0.0,90000,,0.0,,,0.0,,0.0,0.0,0.0,0.0,,0,,,0.0,Active,0,0
83,1262215,263564,-7,42875.145,180000,0.0,31303.485,0.0,31303.485,2250.0,6873.435,6873.435,41632.02,41942.97,41942.97,0.0,38,0.0,38.0,6.0,Active,0,0
84,2137059,353300,-4,0.0,0,0.0,0.0,0.0,0.0,0.0,164.565,0.0,0.0,0.0,0.0,0.0,0,0.0,0.0,18.0,Active,0,0
85,1000355,274118,-7,155068.695,135000,2250.0,2250.0,0.0,0.0,7680.825,8100.0,8100.0,134619.3,151808.445,151808.445,1.0,1,0.0,0.0,6.0,Active,0,0
86,1409826,216234,-4,215383.005,270000,0.0,0.0,0.0,0.0,13500.0,13500.0,13500.0,187009.29,215383.005,215383.005,0.0,0,0.0,0.0,79.0,Active,0,0
87,2701290,224220,-5,0.0,0,0.0,0.0,0.0,0.0,0.0,507.51,0.0,0.0,0.0,0.0,0.0,0,0.0,0.0,35.0,Active,0,0
88,1125977,226681,-5,0.0,45000,0.0,0.0,0.0,0.0,0.0,1297.71,0.0,0.0,0.0,0.0,0.0,0,0.0,0.0,18.0,Active,0,0
89,1517334,186806,-5,118792.89,135000,0.0,0.0,0.0,0.0,6168.87,9000.0,9000.0,114377.58,117912.195,117912.195,0.0,0,0.0,0.0,4.0,Active,0,0
90,1092345,436212,-4,0.0,180000,,0.0,,,0.0,,0.0,0.0,0.0,0.0,,0,,,0.0,Active,0,0
91,1081753,274239,-4,0.0,45000,0.0,0.0,0.0,0.0,0.0,0.0,0.0,0.0,0.0,0.0,0.0,0,0.0,0.0,76.0,Completed,0,0
92,2683662,161019,-4,0.0,225000,0.0,0.0,0.0,0.0,10805.805,1794.015,0.0,0.0,0.0,0.0,0.0,0,0.0,0.0,42.0,Completed,0,0
93,1821360,302820,-3,0.0,45000,,0.0,,,0.0,,0.0,0.0,0.0,0.0,,0,,,0.0,Active,0,0
94,2583137,416815,-3,237235.68,315000,90000.0,90000.0,0.0,0.0,2250.0,0.0,0.0,224358.93,231853.68,231853.68,3.0,3,0.0,0.0,7.0,Active,0,0
95,1843380,375482,-5,0.0,0,0.0,0.0,0.0,0.0,0.0,578.205,0.0,0.0,0.0,0.0,0.0,0,0.0,0.0,30.0,Active,0,0
96,2638478,354226,-2,0.0,45000,0.0,0.0,0.0,0.0,0.0,3.015,0.0,0.0,0.0,0.0,0.0,0,0.0,0.0,65.0,Active,0,0
97,1960212,285273,-1,0.0,0,0.0,0.0,0.0,0.0,0.0,0.0,0.0,0.0,0.0,0.0,0.0,0,0.0,0.0,20.0,Completed,0,0
98,2571669,283851,-5,116710.605,900000,0.0,0.0,0.0,0.0,5928.435,6750.0,6750.0,107218.44,115084.035,115084.035,0.0,0,0.0,0.0,7.0,Active,0,0
99,1128942,281671,-7,0.0,0,,0.0,,,0.0,,0.0,0.0,0.0,0.0,,0,,,0.0,Active,0,0
100,1385756,318823,-2,118960.965,180000,0.0,0.0,0.0,0.0,6657.21,6750.0,209.025,117319.59,118960.965,118960.965,0.0,0,0.0,0.0,5.0,Active,0,0
101,1445955,443277,-1,0.0,45000,0.0,0.0,0.0,0.0,0.0,559.485,0.0,0.0,0.0,0.0,0.0,0,0.0,0.0,82.0,Active,0,0
102,2347240,218365,-4,0.0,22500,0.0,0.0,0.0,0.0,0.0,137.34,0.0,0.0,0.0,0.0,0.0,0,0.0,0.0,55.0,Active,0,0
103,1594902,148430,-1,0.0,45000,0.0,0.0,0.0,0.0,0.0,834.48,0.0,0.0,0.0,0.0,0.0,0,0.0,0.0,32.0,Active,0,0
104,2332604,155018,-6,0.0,180000,0.0,0.0,0.0,0.0,0.0,0.0,0.0,0.0,0.0,0.0,0.0,0,0.0,0.0,43.0,Completed,0,0
105,1799652,317323,-6,0.0,0,0.0,0.0,0.0,0.0,0.0,0.0,0.0,0.0,0.0,0.0,0.0,0,0.0,0.0,4.0,Completed,0,0
106,2354830,144297,-1,0.0,675000,,0.0,,,0.0,,0.0,0.0,0.0,0.0,,0,,,0.0,Active,0,0
107,2608405,440902,-7,356424.975,450000,0.0,0.0,0.0,0.0,17865.585,18000.0,18000.0,339311.61,356424.975,356424.975,0.0,0,0.0,0.0,13.0,Active,0,0
108,1806009,415488,-6,0.0,45000,0.0,0.0,0.0,0.0,0.0,7.155,0.0,0.0,0.0,0.0,0.0,0,0.0,0.0,24.0,Active,0,0
109,1739537,263672,-1,10641.015,180000,0.0,0.0,0.0,0.0,2250.0,4500.0,4500.0,10363.23,10641.015,10641.015,0.0,0,0.0,0.0,9.0,Active,0,0
110,2578042,111058,-5,0.0,0,0.0,0.0,0.0,0.0,0.0,1032.795,0.0,0.0,0.0,0.0,0.0,0,0.0,0.0,29.0,Active,0,0
111,1982415,206238,-4,20977.11,135000,0.0,0.0,0.0,0.0,2250.0,4968.0,4968.0,19282.68,20158.11,20158.11,0.0,0,0.0,0.0,1.0,Active,0,0
112,1900349,225797,-2,0.0,45000,0.0,0.0,0.0,0.0,0.0,459.405,0.0,0.0,0.0,0.0,0.0,0,0.0,0.0,54.0,Active,0,0
113,2150075,208643,-1,181938.285,180000,0.0,19544.535,0.0,19544.535,8397.495,9000.0,9000.0,178494.345,181938.285,181938.285,0.0,12,0.0,12.0,11.0,Active,0,0
114,1985672,380281,-5,0.0,0,0.0,0.0,0.0,0.0,0.0,494.055,0.0,0.0,0.0,0.0,0.0,0,0.0,0.0,73.0,Active,0,0
115,1565409,216500,-4,0.0,157500,,0.0,,,0.0,,0.0,0.0,0.0,0.0,,0,,,0.0,Active,0,0
116,2320324,234103,-7,351987.525,450000,0.0,0.0,0.0,0.0,20085.03,22500.0,2897.955,347041.125,351987.525,351987.525,0.0,0,0.0,0.0,3.0,Active,0,0
117,1916109,262878,-5,300314.88,900000,0.0,0.0,0.0,0.0,16844.4,21600.0,21600.0,287398.845,299644.38,299644.38,0.0,0,0.0,0.0,6.0,Active,0,0
118,1496965,325115,-1,0.0,0,0.0,0.0,0.0,0.0,0.0,728.145,0.0,0.0,0.0,0.0,0.0,0,0.0,0.0,13.0,Active,0,0
119,1660593,165574,-6,37963.485,45000,0.0,0.0,0.0,0.0,2250.0,9000.0,9000.0,36543.96,38120.985,38120.985,0.0,0,0.0,0.0,8.0,Active,0,0
120,1711699,214119,-3,0.0,225000,0.0,35446.5,0.0,35446.5,2250.0,61600.5,61600.5,0.0,0.0,0.0,0.0,3,0.0,3.0,5.0,Active,0,0
121,1862079,139874,-7,0.0,135000,0.0,0.0,0.0,0.0,0.0,81.0,81.0,0.0,0.0,0.0,0.0,0,0.0,0.0,1.0,Active,0,0
122,2188865,219020,-1,85156.965,135000,0.0,0.0,0.0,0.0,4395.015,4500.0,4500.0,82061.775,84036.465,84036.465,0.0,0,0.0,0.0,5.0,Active,0,0
123,1624374,319420,-5,0.0,0,0.0,0.0,0.0,0.0,0.0,298.395,0.0,0.0,0.0,0.0,0.0,0,0.0,0.0,58.0,Active,0,0
124,2306532,100796,-4,0.0,292500,0.0,0.0,0.0,0.0,0.0,509.175,509.175,0.0,0.0,0.0,0.0,0,0.0,0.0,41.0,Active,0,0
125,2821408,350096,-5,0.0,0,0.0,0.0,0.0,0.0,0.0,0.0,0.0,0.0,0.0,0.0,0.0,0,0.0,0.0,21.0,Active,0,0
126,1212054,437044,-3,0.0,90000,,0.0,,,0.0,,0.0,0.0,0.0,0.0,,0,,,0.0,Active,0,0
127,1922636,401940,-3,0.0,90000,,0.0,,,0.0,,0.0,0.0,0.0,0.0,,0,,,0.0,Active,0,0
128,1997693,258531,-4,186705.045,180000,45000.0,45000.0,0.0,0.0,7076.565,7255.665,7255.665,177308.91,183548.79,183548.79,1.0,1,0.0,0.0,11.0,Active,0,0
129,1982550,289116,-7,232107.705,225000,0.0,5222.205,0.0,5222.205,11653.65,13618.17,13618.17,224677.125,231437.205,231437.205,0.0,2,0.0,2.0,7.0,Active,0,0
130,2525841,287348,-1,122086.62,135000,0.0,0.0,0.0,0.0,6865.02,9082.125,9082.125,119218.455,122086.62,122086.62,0.0,0,0.0,0.0,8.0,Active,0,0
131,1005486,269777,-7,0.0,45000,0.0,0.0,0.0,0.0,0.0,3.735,0.0,0.0,0.0,0.0,0.0,0,0.0,0.0,59.0,Active,0,0
132,2305805,184329,-6,797553.0,855000,0.0,0.0,0.0,0.0,42264.765,67500.0,67500.0,777795.705,797553.0,797553.0,0.0,0,0.0,0.0,72.0,Active,0,0
133,1642352,152002,-7,0.0,0,0.0,0.0,0.0,0.0,0.0,0.0,0.0,0.0,0.0,0.0,0.0,0,0.0,0.0,13.0,Completed,0,0
134,2502806,309694,-7,0.0,180000,0.0,0.0,0.0,0.0,0.0,0.0,0.0,0.0,0.0,0.0,0.0,0,0.0,0.0,46.0,Completed,0,0
135,2357860,129148,-3,226257.435,382500,0.0,0.0,0.0,0.0,12327.3,14007.33,14007.33,219938.85,226257.435,226257.435,0.0,0,0.0,0.0,8.0,Active,0,0
136,1056548,292878,-1,0.0,225000,0.0,0.0,0.0,0.0,2250.0,0.18,0.18,0.0,0.0,0.0,0.0,0,0.0,0.0,14.0,Active,0,0
137,2440419,311473,-3,0.0,45000,0.0,0.0,0.0,0.0,0.0,86.76,0.0,0.0,0.0,0.0,0.0,0,0.0,0.0,33.0,Active,0,0
138,2702693,425342,-4,0.0,450000,0.0,0.0,0.0,0.0,0.0,0.0,0.0,0.0,0.0,0.0,0.0,0,0.0,0.0,8.0,Active,0,0
139,1257190,251071,-4,0.0,0,0.0,0.0,0.0,0.0,0.0,79207.695,79207.695,0.0,0.0,0.0,0.0,0,0.0,0.0,2.0,Active,0,0
140,1531303,243368,-5,131528.97,225000,0.0,0.0,0.0,0.0,6155.46,45000.0,45000.0,125718.795,130560.93,130560.93,0.0,0,0.0,0.0,10.0,Active,0,0
141,2413836,222627,-2,0.0,0,0.0,0.0,0.0,0.0,0.0,0.0,0.0,0.0,0.0,0.0,0.0,0,0.0,0.0,53.0,Completed,0,0
142,2378470,168967,-1,191380.05,180000,2250.0,2250.0,0.0,0.0,9397.8,10350.0,10350.0,179855.775,185283.63,185283.63,3.0,3,0.0,0.0,9.0,Active,0,0
143,2181480,122315,-1,0.0,0,0.0,0.0,0.0,0.0,0.0,0.0,0.0,0.0,0.0,0.0,0.0,0,0.0,0.0,23.0,Completed,0,0
144,1062011,226508,-2,0.0,0,0.0,0.0,0.0,0.0,0.0,134.235,0.0,0.0,0.0,0.0,0.0,0,0.0,0.0,16.0,Active,0,0
145,2600853,257200,-6,0.0,45000,,0.0,,,0.0,,0.0,0.0,0.0,0.0,,0,,,0.0,Active,0,0
146,1729406,437104,-4,204822.81,720000,67500.0,67500.0,0.0,0.0,6905.745,9000.0,9000.0,196614.99,201963.375,201963.375,1.0,1,0.0,0.0,17.0,Active,0,0
147,1493315,352910,-4,0.0,0,0.0,0.0,0.0,0.0,0.0,2.115,2.115,0.0,0.0,0.0,0.0,0,0.0,0.0,30.0,Active,0,0
148,1905183,328427,-7,0.0,900000,,0.0,,,0.0,,0.0,0.0,0.0,0.0,,0,,,0.0,Active,0,0
149,1437736,120317,-5,0.0,0,0.0,0.0,0.0,0.0,0.0,0.0,0.0,0.0,0.0,0.0,0.0,0,0.0,0.0,28.0,Active,0,0
150,1130058,416736,-3,0.0,90000,,0.0,,,0.0,,0.0,0.0,0.0,0.0,,0,,,0.0,Active,0,0
151,1461271,344086,-1,0.0,0,0.0,0.0,0.0,0.0,0.0,0.0,0.0,0.0,0.0,0.0,0.0,0,0.0,0.0,88.0,Active,0,0
152,2761594,228504,-4,492902.37,495000,36000.0,50556.15,0.0,14556.15,22766.22,27583.965,2784.78,485665.155,491556.87,491556.87,2.0,19,0.0,17.0,11.0,Active,0,0
153,1230775,321929,-7,70504.11,337500,0.0,70504.11,0.0,70504.11,0.0,,0.0,70504.11,70504.11,70504.11,0.0,26,0.0,26.0,0.0,Active,0,0
154,1441790,203891,-1,0.0,135000,,0.0,,,0.0,,0.0,0.0,0.0,0.0,,0,,,0.0,Active,0,0
155,2429257,248677,-7,94710.87,180000,0.0,10109.295,0.0,10109.295,5554.665,45000.0,38329.83,93833.91,94710.87,94710.87,0.0,7,0.0,7.0,11.0,Active,0,0
156,2069077,227521,-1,137096.955,135000,0.0,39858.795,0.0,39858.795,4924.935,5400.0,5400.0,132957.9,135811.395,135811.395,0.0,17,0.0,17.0,10.0,Active,0,0
157,2319650,377975,-2,764010.63,900000,135000.0,193808.97,0.0,58808.97,29565.135,43085.88,6767.865,752395.095,761319.63,761319.63,3.0,33,0.0,30.0,10.0,Active,0,0
158,1155859,218654,-1,0.0,0,0.0,0.0,0.0,0.0,0.0,138.42,0.0,0.0,0.0,0.0,0.0,0,0.0,0.0,46.0,Active,0,0
159,2089406,424828,-6,0.0,0,0.0,0.0,0.0,0.0,0.0,2.835,0.0,0.0,0.0,0.0,0.0,0,0.0,0.0,64.0,Active,0,0
160,1899794,372599,-2,0.0,202500,,0.0,,,0.0,,0.0,0.0,0.0,0.0,,0,,,0.0,Completed,0,0
161,1128014,102143,-3,0.0,135000,0.0,20419.74,0.0,20419.74,0.0,31156.83,31156.83,0.0,0.0,0.0,0.0,5,0.0,5.0,4.0,Active,0,0
162,1880996,251438,-5,31458.915,135000,0.0,31463.1,0.0,31463.1,2250.0,44423.46,42173.46,31413.555,31458.915,31458.915,0.0,2,0.0,2.0,3.0,Active,0,0
163,1945898,172722,-4,0.0,45000,,0.0,,,0.0,,0.0,0.0,0.0,0.0,,0,,,0.0,Active,0,0
164,1575680,111353,-5,69932.88,202500,0.0,0.0,0.0,0.0,3593.34,4500.0,4500.0,67366.8,69414.165,69414.165,0.0,0,0.0,0.0,2.0,Active,0,0
165,1356439,375115,-3,2337.21,135000,0.0,1300.5,0.0,1300.5,2250.0,50.85,50.85,2240.82,2329.29,2329.29,0.0,2,0.0,2.0,10.0,Active,0,0
166,2837755,397363,-2,307272.645,315000,5400.0,5400.0,0.0,0.0,16380.585,16650.0,16650.0,295092.855,306152.145,306152.145,1.0,1,0.0,0.0,5.0,Active,0,0
167,1667472,388124,-5,0.0,90000,,0.0,,,0.0,,0.0,0.0,0.0,0.0,,0,,,0.0,Active,0,0
168,2283857,110936,-5,0.0,225000,,0.0,,,0.0,,0.0,0.0,0.0,0.0,,0,,,0.0,Active,0,0
169,1319719,374917,-6,0.0,765000,,0.0,,,0.0,,0.0,0.0,0.0,0.0,,0,,,0.0,Active,0,0
170,2250490,237951,-7,0.0,0,0.0,0.0,0.0,0.0,0.0,0.0,0.0,0.0,0.0,0.0,0.0,0,0.0,0.0,9.0,Completed,0,0
171,2239519,370398,-2,0.0,135000,0.0,0.0,0.0,0.0,0.0,60.12,60.12,0.0,0.0,0.0,0.0,0,0.0,0.0,3.0,Active,0,0
172,1861181,441487,-1,0.0,45000,,0.0,,,0.0,,0.0,0.0,0.0,0.0,,0,,,0.0,Active,0,0
173,2102737,369494,-7,141412.635,135000,0.0,0.0,0.0,0.0,7187.31,7200.0,7200.0,133440.21,140610.15,140610.15,0.0,0,0.0,0.0,6.0,Active,0,0
174,2084976,262446,-6,182648.925,180000,62100.0,62100.0,0.0,0.0,7046.865,9000.0,9000.0,170814.465,174073.23,174073.23,6.0,6,0.0,0.0,2.0,Active,0,0
175,2644447,342198,-7,0.0,135000,,0.0,,,0.0,,0.0,0.0,0.0,0.0,,0,,,0.0,Active,0,0
176,2272517,102267,-1,355066.155,405000,0.0,0.0,0.0,0.0,17761.095,18000.0,18000.0,337221.45,352469.565,352469.565,0.0,0,0.0,0.0,12.0,Active,0,0
177,1235597,399186,-6,176503.14,180000,0.0,0.0,0.0,0.0,9000.0,9000.0,9000.0,169815.42,176503.14,176503.14,0.0,0,0.0,0.0,73.0,Active,0,0
178,2318327,246513,-5,885718.665,900000,0.0,0.0,0.0,0.0,44696.655,45000.0,45000.0,848933.235,879181.875,879181.875,0.0,0,0.0,0.0,16.0,Active,0,0
179,2244321,266709,-4,231504.93,270000,0.0,64102.815,0.0,64102.815,8192.25,9000.0,9000.0,224679.87,229779.18,229779.18,0.0,15,0.0,15.0,3.0,Active,0,0
180,2115381,371612,-5,117273.465,292500,45000.0,125415.0,0.0,80415.0,2250.0,31500.0,24972.39,117052.29,117273.465,117273.465,2.0,5,0.0,3.0,4.0,Active,0,0
181,2835876,288650,-4,0.0,225000,,0.0,,,0.0,,0.0,0.0,0.0,0.0,,0,,,0.0,Active,0,0
182,2274302,261013,-5,469815.3,450000,0.0,11571.75,0.0,11571.75,23058.9,0.0,0.0,449349.39,466355.295,466355.295,0.0,3,0.0,3.0,5.0,Active,0,0
183,2486217,147847,-6,0.0,247500,,0.0,,,0.0,,0.0,0.0,0.0,0.0,,0,,,0.0,Completed,0,0
184,2184028,197559,-6,0.0,202500,,0.0,,,0.0,,0.0,0.0,0.0,0.0,,0,,,0.0,Active,0,0
185,1386430,206827,-1,0.0,45000,0.0,0.0,0.0,0.0,0.0,31.905,0.0,0.0,0.0,0.0,0.0,0,0.0,0.0,47.0,Active,0,0
186,1717779,413276,-1,0.0,112500,0.0,0.0,0.0,0.0,0.0,23.985,0.0,0.0,0.0,0.0,0.0,0,0.0,0.0,54.0,Active,0,0
187,1126522,414828,-1,229878.585,765000,0.0,0.0,0.0,0.0,11859.93,12150.0,12150.0,225048.69,229878.585,229878.585,0.0,0,0.0,0.0,11.0,Active,0,0
188,1901704,422506,-6,0.0,180000,,0.0,,,0.0,,0.0,0.0,0.0,0.0,,0,,,0.0,Active,0,0
189,2581671,232385,-4,0.0,45000,0.0,0.0,0.0,0.0,0.0,325.8,0.0,0.0,0.0,0.0,0.0,0,0.0,0.0,21.0,Active,0,0
190,1949688,313585,-1,0.0,225000,,0.0,,,0.0,,0.0,0.0,0.0,0.0,,0,,,0.0,Active,0,0
191,1776445,336696,-1,0.0,0,0.0,0.0,0.0,0.0,0.0,470.025,0.0,0.0,0.0,0.0,0.0,0,0.0,0.0,23.0,Active,0,0
192,2258765,234738,-4,184139.865,180000,0.0,3753.45,0.0,3753.45,9305.595,9568.53,9568.53,180296.46,184139.865,184139.865,0.0,3,0.0,3.0,7.0,Active,0,0
193,1910410,330879,-3,141428.34,135000,0.0,4668.3,0.0,4668.3,6117.03,9000.0,9000.0,134829.765,139739.4,139739.4,0.0,3,0.0,3.0,4.0,Active,0,0
194,1490040,429020,-4,258546.465,450000,0.0,0.0,0.0,0.0,13865.445,27000.0,27000.0,250309.26,258546.465,258546.465,0.0,0,0.0,0.0,11.0,Active,0,0
195,1514450,120959,-3,0.0,765000,,0.0,,,0.0,,0.0,0.0,0.0,0.0,,0,,,0.0,Active,0,0
196,2506212,162786,-7,122229.225,450000,0.0,0.0,0.0,0.0,6635.835,13500.0,13500.0,119216.34,122229.225,122229.225,0.0,0,0.0,0.0,32.0,Active,0,0
197,1243870,161365,-4,0.0,90000,,0.0,,,0.0,0.0,0.0,0.0,0.0,0.0,,0,,,0.0,Active,0,0
198,2730941,332438,-4,0.0,112500,,0.0,,,0.0,,0.0,0.0,0.0,0.0,,0,,,0.0,Active,0,0
199,2788876,144820,-4,0.0,0,0.0,0.0,0.0,0.0,0.0,249.93,0.0,0.0,0.0,0.0,0.0,0,0.0,0.0,8.0,Active,0,0
200,1037340,136444,-1,380620.71,450000,0.0,0.0,0.0,0.0,11998.71,13500.0,13500.0,361473.795,377837.37,377837.37,0.0,0,0.0,0.0,11.0,Active,0,0
201,2697907,279783,-4,133654.005,135000,0.0,1124.1,0.0,1124.1,6847.065,7252.92,7252.92,130812.3,133654.005,133654.005,0.0,1,0.0,1.0,11.0,Active,0,0
202,2106624,194514,-7,195366.645,225000,0.0,0.0,0.0,0.0,10674.9,11250.0,11250.0,190998.225,195366.645,195366.645,0.0,0,0.0,0.0,3.0,Active,0,0
203,1430399,370268,-5,0.0,0,0.0,0.0,0.0,0.0,0.0,360.0,0.0,0.0,0.0,0.0,0.0,0,0.0,0.0,31.0,Active,0,0
204,2045561,114772,-6,90284.31,135000,0.0,0.0,0.0,0.0,5158.395,9000.0,4106.79,88863.975,90284.31,90284.31,0.0,0,0.0,0.0,10.0,Active,0,0
205,1769799,102029,-6,195815.835,450000,0.0,0.0,0.0,0.0,10125.585,13500.0,13500.0,189011.34,195815.835,195815.835,0.0,0,0.0,0.0,25.0,Active,0,0
206,1590121,195945,-7,0.0,0,0.0,0.0,0.0,0.0,0.0,0.0,0.0,0.0,0.0,0.0,0.0,0,0.0,0.0,26.0,Active,0,0
207,2110001,206948,-2,0.0,45000,0.0,0.0,0.0,0.0,0.0,312.975,0.0,0.0,0.0,0.0,0.0,0,0.0,0.0,28.0,Active,0,0
208,1135153,265577,-6,396834.525,900000,51750.0,51750.0,0.0,0.0,17363.16,17550.0,17550.0,381462.885,391881.285,391881.285,1.0,1,0.0,0.0,10.0,Active,0,0
209,1362476,178732,-1,0.0,45000,0.0,0.0,0.0,0.0,0.0,1.17,0.0,0.0,0.0,0.0,0.0,0,0.0,0.0,15.0,Active,0,0
210,1056137,413284,-3,109688.985,112500,450.0,450.0,0.0,0.0,5996.07,6075.0,6075.0,104573.88,108343.485,108343.485,1.0,1,0.0,0.0,4.0,Active,0,0
211,2536051,190803,-3,0.0,45000,0.0,0.0,0.0,0.0,0.0,313.065,0.0,0.0,0.0,0.0,0.0,0,0.0,0.0,25.0,Active,0,0
212,2051605,295191,-4,0.0,157500,0.0,0.0,0.0,0.0,0.0,3.24,0.0,0.0,0.0,0.0,0.0,0,0.0,0.0,72.0,Active,0,0
213,1750131,410544,-3,0.0,45000,0.0,0.0,0.0,0.0,0.0,0.0,0.0,0.0,0.0,0.0,0.0,0,0.0,0.0,1.0,Completed,0,0
214,1078479,174368,-1,0.0,45000,0.0,0.0,0.0,0.0,0.0,15420.24,0.0,0.0,0.0,0.0,0.0,0,0.0,0.0,52.0,Active,0,0
215,2105237,354676,-4,48.825,45000,0.0,0.0,0.0,0.0,0.0,0.0,0.0,0.0,48.825,48.825,0.0,0,0.0,0.0,39.0,Active,2192,0
216,2558015,310648,-7,0.0,0,0.0,0.0,0.0,0.0,0.0,0.0,0.0,0.0,0.0,0.0,0.0,0,0.0,0.0,15.0,Active,0,0
217,2269549,251192,-4,100967.13,292500,0.0,0.0,0.0,0.0,5507.415,13500.0,13500.0,96648.255,100222.92,100222.92,0.0,0,0.0,0.0,17.0,Active,0,0
218,1299196,325165,-2,0.0,450000,,0.0,,,0.0,,0.0,0.0,0.0,0.0,,0,,,0.0,Active,0,0
219,1334221,432369,-3,181494.765,180000,0.0,0.0,0.0,0.0,9000.0,9000.0,9000.0,174695.355,181719.765,181719.765,0.0,0,0.0,0.0,88.0,Active,0,0
220,1822680,332335,-2,0.0,45000,,0.0,,,0.0,,0.0,0.0,0.0,0.0,,0,,,0.0,Active,0,0
221,2261356,346936,-6,100909.53,135000,0.0,0.0,0.0,0.0,5745.105,9000.0,3529.44,100411.515,100909.53,100909.53,0.0,0,0.0,0.0,4.0,Active,0,0
222,2058286,322566,-7,0.0,45000,0.0,0.0,0.0,0.0,0.0,159.795,0.0,0.0,0.0,0.0,0.0,0,0.0,0.0,20.0,Active,0,0
223,1110615,111905,-1,5294.835,157500,0.0,16770.375,0.0,16770.375,0.0,23782.05,23782.05,5294.835,5294.835,5294.835,0.0,15,0.0,15.0,6.0,Active,0,0
224,2772878,214481,-6,0.0,45000,0.0,0.0,0.0,0.0,0.0,599.85,599.85,0.0,0.0,0.0,0.0,0,0.0,0.0,5.0,Active,0,0
225,1959576,394557,-4,0.0,0,0.0,0.0,0.0,0.0,0.0,234.315,0.0,0.0,0.0,0.0,0.0,0,0.0,0.0,25.0,Active,0,0
226,1464885,266045,-7,0.0,0,0.0,0.0,0.0,0.0,0.0,0.0,0.0,0.0,0.0,0.0,0.0,0,0.0,0.0,35.0,Completed,0,0
227,1642344,445566,-4,0.0,0,0.0,0.0,0.0,0.0,0.0,0.0,0.0,0.0,0.0,0.0,0.0,0,0.0,0.0,35.0,Completed,0,0
228,1738960,248148,-7,0.0,0,0.0,0.0,0.0,0.0,0.0,290.16,0.0,0.0,0.0,0.0,0.0,0,0.0,0.0,19.0,Active,0,0
229,1430405,233719,-1,72588.645,90000,0.0,0.0,0.0,0.0,4500.0,4500.0,4500.0,70897.5,72588.645,72588.645,0.0,0,0.0,0.0,69.0,Active,0,0
230,2821541,136943,-3,44666.145,202500,16200.0,16200.0,0.0,0.0,2250.0,9000.0,6750.0,42635.565,43095.645,43095.645,1.0,1,0.0,0.0,4.0,Active,0,0
231,1954738,428838,-1,0.0,45000,0.0,0.0,0.0,0.0,0.0,371.25,0.0,0.0,0.0,0.0,0.0,0,0.0,0.0,56.0,Active,0,0
232,1396189,445601,-6,0.0,360000,,0.0,,,0.0,,0.0,0.0,0.0,0.0,,0,,,0.0,Active,0,0
233,2557549,111524,-5,0.0,112500,,0.0,,,0.0,,0.0,0.0,0.0,0.0,,0,,,0.0,Active,0,0
234,1256895,289475,-5,82638.855,292500,0.0,0.0,0.0,0.0,0.0,4950.0,378.99,79695.0,81518.355,81518.355,0.0,0,0.0,0.0,0.0,Active,0,0
235,2783338,109639,-5,96683.31,90000,15750.0,24783.75,0.0,9033.75,3083.76,7960.005,7960.005,88071.975,91665.135,91665.135,2.0,4,0.0,2.0,1.0,Active,0,0
236,2113424,382122,-6,0.0,135000,,0.0,,,0.0,,0.0,0.0,0.0,0.0,,0,,,0.0,Active,0,0
237,2268013,424756,-4,384013.62,405000,0.0,0.0,0.0,0.0,20080.08,27000.0,27000.0,374601.42,384013.62,384013.62,0.0,0,0.0,0.0,18.0,Active,0,0
238,2304094,405036,-7,0.0,0,,0.0,,,0.0,0.0,0.0,0.0,0.0,0.0,,0,,,1.0,Active,0,0
239,1589116,272557,-5,0.0,45000,0.0,0.0,0.0,0.0,0.0,2508.975,0.0,0.0,0.0,0.0,0.0,0,0.0,0.0,53.0,Active,0,0
240,1545175,203098,-7,0.0,67500,0.0,0.0,0.0,0.0,0.0,365.94,0.0,0.0,0.0,0.0,0.0,0,0.0,0.0,78.0,Active,0,0
241,1950682,400093,-1,166443.255,450000,0.0,3885.615,0.0,3885.615,7502.58,9000.0,9000.0,160178.805,165209.85,165209.85,0.0,1,0.0,1.0,24.0,Active,0,0
242,1355029,372436,-5,0.0,45000,,0.0,,,0.0,,0.0,0.0,0.0,0.0,,0,,,0.0,Active,0,0
243,1153149,416302,-7,0.0,0,0.0,0.0,0.0,0.0,0.0,1070.055,0.0,0.0,0.0,0.0,0.0,0,0.0,0.0,35.0,Active,0,0
244,1561571,214142,-1,0.0,90000,0.0,0.0,0.0,0.0,0.0,22.905,0.0,0.0,0.0,0.0,0.0,0,0.0,0.0,61.0,Active,0,0
245,1425590,252727,-5,0.0,0,0.0,0.0,0.0,0.0,0.0,792.765,0.0,0.0,0.0,0.0,0.0,0,0.0,0.0,28.0,Active,0,0
246,1745743,349015,-6,0.0,45000,,0.0,,,0.0,,0.0,0.0,0.0,0.0,,0,,,0.0,Active,0,0
247,1121884,127177,-6,0.0,45000,,0.0,,,0.0,,0.0,0.0,0.0,0.0,,0,,,0.0,Active,0,0
248,1568403,218545,-4,0.0,0,0.0,0.0,0.0,0.0,0.0,3196.935,3196.935,0.0,0.0,0.0,0.0,0,0.0,0.0,5.0,Active,0,0
249,2618924,402569,-3,0.0,585000,,0.0,,,0.0,,0.0,0.0,0.0,0.0,,0,,,0.0,Active,0,0
250,1083222,284688,-5,24403.275,135000,11250.0,28839.51,0.0,17589.51,2421.765,21420.0,19170.0,21191.175,21262.275,21262.275,2.0,8,0.0,6.0,1.0,Active,0,0
251,1364007,414943,-4,59724.0,67500,0.0,0.0,0.0,0.0,4050.0,4500.0,4500.0,57344.805,59724.0,59724.0,0.0,0,0.0,0.0,104.0,Active,0,0
252,1455529,221352,-3,0.0,45000,,0.0,,,0.0,,0.0,0.0,0.0,0.0,,0,,,0.0,Active,0,0
253,2253276,362044,-1,0.0,0,0.0,0.0,0.0,0.0,0.0,459.18,0.0,0.0,0.0,0.0,0.0,0,0.0,0.0,7.0,Active,0,0
254,2761768,422690,-4,0.0,45000,,0.0,,,0.0,,0.0,0.0,0.0,0.0,,0,,,0.0,Active,0,0
255,1459675,235291,-7,0.0,0,0.0,0.0,0.0,0.0,0.0,0.0,0.0,0.0,0.0,0.0,0.0,0,0.0,0.0,5.0,Completed,0,0
256,2425036,360320,-6,0.0,45000,0.0,0.0,0.0,0.0,0.0,376.11,0.0,0.0,0.0,0.0,0.0,0,0.0,0.0,43.0,Active,0,0
257,2428741,305324,-5,0.0,45000,,0.0,,,0.0,,0.0,0.0,0.0,0.0,,0,,,0.0,Active,0,0
258,1850707,296060,-2,0.0,0,0.0,0.0,0.0,0.0,0.0,168.66,0.0,0.0,0.0,0.0,0.0,0,0.0,0.0,35.0,Active,0,0
259,2610390,453836,-6,0.0,0,0.0,0.0,0.0,0.0,0.0,0.0,0.0,0.0,0.0,0.0,0.0,0,0.0,0.0,8.0,Completed,0,0
260,2671336,261814,-7,0.0,0,0.0,0.0,0.0,0.0,0.0,3.735,0.0,0.0,0.0,0.0,0.0,0,0.0,0.0,8.0,Active,0,0
261,2812890,407873,-1,76077.36,108000,0.0,29747.61,0.0,29747.61,5264.505,36464.085,36464.085,72318.78,74948.4,74948.4,0.0,9,0.0,9.0,6.0,Active,0,0
262,2486499,285360,-2,82125.045,382500,0.0,0.0,0.0,0.0,16760.43,261000.0,261000.0,74208.915,82125.045,82125.045,0.0,0,0.0,0.0,16.0,Active,0,0
263,1169306,152039,-7,0.0,22500,0.0,0.0,0.0,0.0,0.0,218.385,0.0,0.0,0.0,0.0,0.0,0,0.0,0.0,34.0,Active,0,0
264,1597260,374550,-5,187274.43,180000,0.0,2311.65,0.0,2311.65,9325.665,9555.21,9555.21,179789.625,185219.55,185219.55,0.0,1,0.0,1.0,2.0,Active,0,0
265,1054642,326438,-6,0.0,0,0.0,0.0,0.0,0.0,0.0,0.0,0.0,0.0,0.0,0.0,0.0,0,0.0,0.0,34.0,Completed,0,0
266,2532267,134144,-4,0.0,45000,0.0,0.0,0.0,0.0,0.0,0.0,0.0,0.0,0.0,0.0,0.0,0,0.0,0.0,27.0,Completed,0,0
267,1008708,123809,-6,0.0,45000,,0.0,,,0.0,,0.0,0.0,0.0,0.0,,0,,,0.0,Active,0,0
268,1083528,286143,-4,0.0,0,0.0,0.0,0.0,0.0,0.0,529.965,0.0,0.0,0.0,0.0,0.0,0,0.0,0.0,7.0,Active,0,0
269,2120463,205601,-4,0.0,0,0.0,0.0,0.0,0.0,0.0,2098.98,0.0,0.0,0.0,0.0,0.0,0,0.0,0.0,7.0,Active,0,0
270,1768989,148769,-6,0.0,45000,,0.0,,,0.0,,0.0,0.0,0.0,0.0,,0,,,0.0,Active,0,0
271,1266750,399078,-5,0.0,0,0.0,0.0,0.0,0.0,0.0,0.495,0.0,0.0,0.0,0.0,0.0,0,0.0,0.0,80.0,Active,0,0
272,2841525,113151,-7,0.0,157500,0.0,0.0,0.0,0.0,0.0,0.0,0.0,0.0,0.0,0.0,0.0,0,0.0,0.0,34.0,Completed,0,0
273,1206486,114794,-1,0.0,0,0.0,0.0,0.0,0.0,0.0,0.0,0.0,0.0,0.0,0.0,0.0,0,0.0,0.0,26.0,Active,0,0
274,1363797,431352,-4,0.0,0,0.0,0.0,0.0,0.0,0.0,0.0,0.0,0.0,0.0,0.0,0.0,0,0.0,0.0,32.0,Completed,0,0
275,1277154,286192,-5,2464.11,180000,0.0,0.0,0.0,0.0,2250.0,2250.0,2250.0,2389.41,2464.11,2464.11,0.0,0,0.0,0.0,7.0,Active,0,0
276,2196685,332125,-5,0.0,0,0.0,0.0,0.0,0.0,0.0,453.69,453.69,0.0,0.0,0.0,0.0,0,0.0,0.0,6.0,Active,0,0
277,1423356,358405,-7,0.0,135000,,0.0,,,0.0,,0.0,0.0,0.0,0.0,,0,,,0.0,Completed,0,0
278,2362009,116529,-3,0.0,225000,0.0,0.0,0.0,0.0,0.0,0.0,0.0,0.0,0.0,0.0,0.0,0,0.0,0.0,32.0,Completed,0,0
279,1775017,372850,-7,0.0,225000,0.0,0.0,0.0,0.0,0.0,0.0,0.0,0.0,0.0,0.0,0.0,0,0.0,0.0,32.0,Completed,0,0
280,1567357,396039,-1,235063.17,247500,0.0,29279.115,0.0,29279.115,9275.265,0.0,0.0,226182.15,233347.995,233347.995,0.0,10,0.0,10.0,6.0,Active,0,0
281,1783918,333536,-4,410750.91,450000,0.0,0.0,0.0,0.0,20863.125,21150.0,21150.0,396112.77,410305.41,410305.41,0.0,0,0.0,0.0,19.0,Active,0,0
282,1873594,260384,-5,80876.97,90000,18000.0,18000.0,0.0,0.0,3318.075,4500.0,271.89,79062.615,80102.79,80102.79,1.0,1,0.0,0.0,5.0,Active,0,0
283,1390863,425178,-5,0.0,450000,0.0,0.0,0.0,0.0,0.0,242.64,242.64,0.0,0.0,0.0,0.0,0,0.0,0.0,6.0,Active,0,0
284,1316967,165069,-1,0.0,45000,,0.0,,,0.0,,0.0,0.0,0.0,0.0,,0,,,0.0,Active,0,0
285,2142478,361839,-6,191464.425,180000,450.0,178290.0,177840.0,0.0,0.0,2.115,0.0,178287.885,191464.425,191464.425,1.0,2,1.0,0.0,45.0,Active,0,0
286,1870785,348995,-4,264855.375,270000,0.0,0.0,0.0,0.0,13658.985,13950.0,13950.0,259229.88,264855.375,264855.375,0.0,0,0.0,0.0,6.0,Active,0,0
287,1414431,452974,-6,0.0,67500,0.0,0.0,0.0,0.0,0.0,1306.71,0.0,0.0,0.0,0.0,0.0,0,0.0,0.0,56.0,Active,0,0
288,2560632,226563,-1,0.0,0,0.0,0.0,0.0,0.0,0.0,513.63,0.0,0.0,0.0,0.0,0.0,0,0.0,0.0,39.0,Active,0,0
289,1087733,236483,-5,284955.03,765000,0.0,0.0,0.0,0.0,14640.705,14850.0,14850.0,277963.875,284955.03,284955.03,0.0,0,0.0,0.0,19.0,Active,0,0
290,1060352,316382,-7,539799.75,900000,0.0,0.0,0.0,0.0,30863.745,45000.0,45000.0,527275.26,539799.75,539799.75,0.0,0,0.0,0.0,16.0,Active,0,0
291,2120394,453287,-7,0.0,0,0.0,0.0,0.0,0.0,0.0,0.0,0.0,0.0,0.0,0.0,0.0,0,0.0,0.0,50.0,Active,0,0
292,2271987,405444,-6,0.0,45000,,0.0,,,0.0,,0.0,0.0,0.0,0.0,,0,,,0.0,Active,0,0
293,2391623,128830,-6,237532.365,270000,0.0,0.0,0.0,0.0,13500.0,13500.0,13500.0,228106.755,237532.365,237532.365,0.0,0,0.0,0.0,79.0,Active,0,0
294,2712896,372019,-4,0.0,135000,0.0,0.0,0.0,0.0,0.0,0.945,0.0,0.0,0.0,0.0,0.0,0,0.0,0.0,44.0,Active,0,0
295,1363632,127993,-4,21931.56,135000,0.0,0.0,0.0,0.0,2250.0,20250.0,20250.0,21264.885,21931.56,21931.56,0.0,0,0.0,0.0,7.0,Active,0,0
296,1853711,334594,-6,0.0,0,,0.0,,,0.0,,0.0,0.0,0.0,0.0,,0,,,0.0,Active,0,0
297,1007369,331182,-2,0.0,45000,0.0,0.0,0.0,0.0,0.0,0.0,0.0,0.0,0.0,0.0,0.0,0,0.0,0.0,55.0,Completed,0,0
298,2228386,379974,-3,183851.235,180000,0.0,0.0,0.0,0.0,9485.235,9675.0,9675.0,178039.08,183050.235,183050.235,0.0,0,0.0,0.0,6.0,Active,0,0
299,1693689,395900,-7,297539.775,315000,40500.0,56999.25,0.0,16499.25,12081.24,0.0,0.0,285123.96,294150.195,294150.195,1.0,4,0.0,3.0,6.0,Active,0,0
300,2315784,107224,-1,67337.91,67500,0.0,3375.0,0.0,3375.0,3375.0,3600.0,3600.0,65292.975,67337.91,67337.91,0.0,1,0.0,1.0,83.0,Active,0,0
301,2057766,427045,-2,3561.12,450000,135000.0,135000.0,0.0,0.0,0.0,67500.0,67500.0,0.0,1990.62,1990.62,1.0,1,0.0,0.0,0.0,Active,0,0
302,2320642,390285,-7,0.0,225000,,0.0,,,0.0,,0.0,0.0,0.0,0.0,,0,,,0.0,Active,0,0
303,2260768,239013,-5,0.0,45000,,0.0,,,0.0,,0.0,0.0,0.0,0.0,,0,,,0.0,Active,0,0
304,1474503,309195,-6,0.0,45000,0.0,0.0,0.0,0.0,0.0,32.13,0.0,0.0,0.0,0.0,0.0,0,0.0,0.0,22.0,Active,0,0
305,2192738,108929,-7,130327.74,135000,0.0,1696.5,0.0,1696.5,7010.685,7242.165,7242.165,127467.81,130327.74,130327.74,0.0,1,0.0,1.0,10.0,Active,0,0
306,1787773,200039,-4,0.0,0,0.0,0.0,0.0,0.0,0.0,111.195,0.0,0.0,0.0,0.0,0.0,0,0.0,0.0,13.0,Active,0,0
307,2199044,291956,-3,0.0,45000,0.0,0.0,0.0,0.0,0.0,732.42,0.0,0.0,0.0,0.0,0.0,0,0.0,0.0,6.0,Active,0,0
308,2696501,302739,-2,0.0,0,0.0,0.0,0.0,0.0,0.0,1602.9,0.0,0.0,0.0,0.0,0.0,0,0.0,0.0,18.0,Active,0,0
309,2818699,303266,-1,0.0,0,0.0,0.0,0.0,0.0,0.0,481.275,0.0,0.0,0.0,0.0,0.0,0,0.0,0.0,12.0,Active,0,0
310,1289406,293597,-7,0.0,540000,0.0,0.0,0.0,0.0,0.0,6354.99,6354.99,0.0,0.0,0.0,0.0,0,0.0,0.0,1.0,Active,0,0
311,2773468,436367,-4,0.0,0,0.0,0.0,0.0,0.0,0.0,0.0,0.0,0.0,0.0,0.0,0.0,0,0.0,0.0,29.0,Completed,0,0
312,2742293,215601,-5,0.0,0,0.0,0.0,0.0,0.0,0.0,0.0,0.0,0.0,0.0,0.0,0.0,0,0.0,0.0,33.0,Active,0,0
313,1519918,261002,-1,101065.14,315000,0.0,4702.5,0.0,4702.5,6835.635,45000.0,45000.0,96415.2,100358.955,100358.955,0.0,1,0.0,1.0,33.0,Active,0,0
314,2562886,365858,-2,218750.625,225000,0.0,0.0,0.0,0.0,2783.745,18171.99,18171.99,204003.045,216509.31,216509.31,0.0,0,0.0,0.0,16.0,Active,0,0
315,2526864,337106,-4,1158.525,225000,0.0,3780.0,0.0,3780.0,0.0,2250.0,0.0,1158.525,1158.525,1158.525,0.0,1,0.0,1.0,13.0,Active,0,0
316,2538976,450633,-5,132350.085,180000,0.0,5763.285,0.0,5763.285,6843.735,13788.0,13788.0,128850.3,132350.085,132350.085,0.0,2,0.0,2.0,21.0,Active,0,0
317,1419696,121018,-6,238369.635,270000,0.0,0.0,0.0,0.0,12158.775,13500.0,13500.0,229675.59,238369.635,238369.635,0.0,0,0.0,0.0,35.0,Active,0,0
318,2829749,242575,-3,329927.625,450000,0.0,0.0,0.0,0.0,22348.35,135000.0,135000.0,311967.135,329927.625,329927.625,0.0,0,0.0,0.0,22.0,Active,0,0
319,1944468,113907,-1,84570.615,180000,38250.0,55065.33,0.0,16815.33,2250.0,4500.0,228.78,83467.665,84497.49,84497.49,1.0,5,0.0,4.0,7.0,Active,0,0
320,2540024,380757,-4,339106.635,360000,0.0,0.0,0.0,0.0,18365.58,18450.0,18450.0,329412.555,338107.545,338107.545,0.0,0,0.0,0.0,27.0,Active,0,0
321,1532817,260010,-3,100381.32,247500,0.0,0.0,0.0,0.0,5993.055,22500.0,22500.0,97361.325,100381.32,100381.32,0.0,0,0.0,0.0,28.0,Active,0,0
322,1463647,239769,-4,91779.3,225000,90000.0,105451.65,0.0,15451.65,4792.68,157801.725,149977.8,88843.32,90433.8,90433.8,1.0,3,0.0,2.0,13.0,Active,0,0
323,2458389,216074,-4,453835.71,450000,0.0,48595.5,0.0,48595.5,20818.935,22500.0,22500.0,442474.02,453835.71,453835.71,0.0,3,0.0,3.0,28.0,Active,0,0
324,1666318,246267,-6,2286.54,135000,0.0,8532.9,0.0,8532.9,2250.0,9885.015,9660.015,2286.54,2286.54,2286.54,0.0,4,0.0,4.0,8.0,Active,0,0
325,1485958,235032,-1,557320.995,585000,0.0,13827.78,0.0,13827.78,29988.675,32400.0,2329.515,548760.015,557320.995,557320.995,0.0,5,0.0,5.0,24.0,Active,0,0
326,2547613,104607,-2,170940.375,315000,0.0,0.0,0.0,0.0,8861.31,9900.0,9900.0,167325.93,170940.375,170940.375,0.0,0,0.0,0.0,27.0,Active,0,0
327,2630525,401158,-1,434493.945,450000,14850.0,15300.0,0.0,450.0,22566.78,22950.0,22950.0,420735.96,431802.945,431802.945,2.0,3,0.0,1.0,28.0,Active,0,0
328,2737989,286797,-2,49484.43,247500,0.0,79738.335,0.0,79738.335,2638.305,41933.115,41933.115,48721.545,49484.43,49484.43,0.0,101,0.0,101.0,26.0,Active,0,0
329,2116703,391533,-3,420932.205,450000,67500.0,86381.325,0.0,18881.325,17420.49,22500.0,22500.0,412291.17,419586.705,419586.705,1.0,2,0.0,1.0,35.0,Active,0,0
330,1405044,121066,-6,462247.29,450000,5400.0,5400.0,0.0,0.0,23386.95,23400.0,23400.0,449738.82,460901.79,460901.79,1.0,1,0.0,0.0,24.0,Active,0,0
331,1449382,348429,-1,273114.9,495000,0.0,529948.575,0.0,529948.575,19172.43,511200.0,486395.505,273114.9,273114.9,273114.9,0.0,72,0.0,72.0,37.0,Active,0,0
332,2640944,353962,-4,455611.68,450000,0.0,0.0,0.0,0.0,22948.47,22950.0,22950.0,436019.355,452254.32,452254.32,0.0,0,0.0,0.0,31.0,Active,0,0
333,2234538,403349,-6,425365.875,450000,0.0,0.0,0.0,0.0,22529.43,40500.0,27000.0,416900.52,422047.44,422047.44,0.0,0,0.0,0.0,42.0,Active,0,0
334,1147257,200416,-3,198810.765,585000,0.0,0.0,0.0,0.0,11177.325,15750.0,15750.0,192046.41,198810.765,198810.765,0.0,0,0.0,0.0,27.0,Active,0,0
335,1128523,167055,-4,115168.05,225000,0.0,97990.515,0.0,97990.515,4092.66,112500.0,112500.0,112343.445,115168.05,115168.05,0.0,32,0.0,32.0,18.0,Active,0,0
336,1290656,281019,-5,56255.535,180000,0.0,95888.115,0.0,95888.115,3546.945,85950.0,81653.895,56143.665,56255.535,56255.535,0.0,53,0.0,53.0,9.0,Active,0,0
337,1789306,297636,-7,232131.96,225000,0.0,9031.5,0.0,9031.5,11023.2,0.0,0.0,219100.095,232131.96,232131.96,0.0,1,0.0,1.0,14.0,Active,0,0
338,2397989,331519,-6,6611.4,90000,0.0,6611.4,0.0,6611.4,0.0,,0.0,6611.4,6611.4,6611.4,0.0,2,0.0,2.0,0.0,Active,0,0
339,1160845,169489,-4,375470.46,450000,63000.0,63000.0,0.0,0.0,14747.175,15750.0,15750.0,353836.89,368709.435,368709.435,3.0,3,0.0,0.0,21.0,Active,0,0
340,1153699,334706,-1,308175.255,450000,13500.0,17629.335,0.0,4129.335,14700.195,0.0,0.0,296783.595,306829.755,306829.755,1.0,3,0.0,2.0,10.0,Active,0,0
341,1651962,370426,-4,141934.005,135000,0.0,0.0,0.0,0.0,7075.575,0.0,0.0,132775.515,140911.65,140911.65,0.0,0,0.0,0.0,15.0,Active,0,0
342,1698794,371303,-2,11567.7,225000,0.0,10260.0,0.0,10260.0,2250.0,15750.0,15750.0,11507.4,11507.4,11507.4,0.0,2,0.0,2.0,21.0,Active,0,0
343,1980507,218296,-4,154179.315,382500,0.0,4125.15,0.0,4125.15,7962.795,18000.0,18000.0,147124.215,154179.315,154179.315,0.0,4,0.0,4.0,23.0,Active,0,0
344,2227761,387219,-1,25457.85,180000,0.0,25710.165,0.0,25710.165,0.0,14.4,14.4,25012.35,25012.35,25012.35,0.0,20,0.0,20.0,5.0,Active,0,0
345,1334276,302794,-5,306119.205,292500,36000.0,36000.0,0.0,0.0,15019.065,45000.0,45000.0,291381.48,301184.55,301184.55,2.0,2,0.0,0.0,13.0,Active,0,0
346,2138277,393333,-5,632147.535,765000,0.0,31455.0,0.0,31455.0,31750.065,47697.3,47697.3,618758.775,632147.535,632147.535,0.0,1,0.0,1.0,21.0,Active,0,0
347,1052570,377159,-7,382761.54,450000,0.0,26456.4,0.0,26456.4,14865.93,0.0,0.0,355977.585,380071.71,380071.71,0.0,6,0.0,6.0,15.0,Active,0,0
348,1783368,255002,-3,139555.755,450000,0.0,150260.85,0.0,150260.85,15052.365,315000.0,315000.0,136308.285,139555.755,139555.755,0.0,10,0.0,10.0,77.0,Active,0,0
349,2539355,315302,-4,131319.27,135000,0.0,0.0,0.0,0.0,6549.21,8100.0,8100.0,122884.245,130373.055,130373.055,0.0,0,0.0,0.0,24.0,Active,0,0
350,2759101,132089,-6,38171.97,900000,0.0,49808.745,0.0,49808.745,0.0,13419.315,13419.315,38171.97,38171.97,38171.97,0.0,9,0.0,9.0,12.0,Active,0,0
351,1762261,151682,-4,32017.095,900000,0.0,50064.075,0.0,50064.075,2250.0,53280.45,53280.45,31260.87,31260.87,31260.87,0.0,16,0.0,16.0,14.0,Active,0,0
352,1870920,136792,-1,466236.495,540000,0.0,37271.43,0.0,37271.43,22028.805,22999.5,22999.5,454847.715,466236.495,466236.495,0.0,9,0.0,9.0,67.0,Active,0,0
353,1895691,320279,-5,4797.405,90000,0.0,19709.64,0.0,19709.64,2250.0,54384.93,54159.93,4797.405,4797.405,4797.405,0.0,5,0.0,5.0,3.0,Active,0,0
354,1652895,316015,-1,38126.88,135000,0.0,76944.465,0.0,76944.465,1345.5,109569.645,109569.645,38126.88,38126.88,38126.88,0.0,23,0.0,23.0,1.0,Active,0,0
355,2508522,357227,-2,431833.725,450000,0.0,5387.175,0.0,5387.175,22549.635,22275.0,125.145,426109.41,431833.725,431833.725,0.0,1,0.0,1.0,33.0,Active,0,0
356,1108516,363382,-7,563147.55,540000,0.0,13078.44,0.0,13078.44,27743.895,29250.0,29250.0,538706.52,559100.205,559100.205,0.0,1,0.0,1.0,41.0,Active,0,0
357,2272544,228001,-1,111226.545,247500,0.0,8933.22,0.0,8933.22,5895.72,9000.0,9000.0,108847.53,111226.545,111226.545,0.0,1,0.0,1.0,34.0,Active,0,0
358,2304849,301437,-4,162902.115,450000,0.0,14381.685,0.0,14381.685,0.0,0.0,0.0,161657.37,161657.37,161657.37,0.0,2,0.0,2.0,13.0,Active,0,0
359,2697247,340371,-1,609717.51,630000,0.0,8928.0,0.0,8928.0,30861.36,31500.0,31500.0,594655.245,609717.51,609717.51,0.0,3,0.0,3.0,22.0,Active,0,0
360,2716015,181444,-5,129045.645,450000,0.0,50713.245,0.0,50713.245,11145.6,153000.0,153000.0,123073.65,127440.18,127440.18,0.0,5,0.0,5.0,20.0,Active,0,0
361,1768145,189339,-3,711977.4,810000,0.0,93810.555,0.0,93810.555,29285.55,30150.0,30150.0,676142.055,706826.79,706826.79,0.0,47,0.0,47.0,27.0,Active,0,0
362,2726737,320709,-6,161896.905,495000,0.0,0.0,0.0,0.0,10081.395,45000.0,45000.0,156627.99,161896.905,161896.905,0.0,0,0.0,0.0,68.0,Active,0,0
363,2836310,163738,-6,96002.415,450000,0.0,96655.05,0.0,96655.05,3869.145,81900.0,81900.0,96002.415,96002.415,96002.415,0.0,4,0.0,4.0,24.0,Active,0,0
364,1056268,337709,-5,284973.975,292500,4050.0,4050.0,0.0,0.0,15187.23,15300.0,15300.0,277194.24,283628.475,283628.475,1.0,1,0.0,0.0,39.0,Active,0,0
365,2610428,321838,-1,485614.215,450000,4500.0,4500.0,0.0,0.0,23801.625,24750.0,24750.0,448876.26,481712.355,481712.355,1.0,1,0.0,0.0,13.0,Active,0,0
366,1496955,307605,-3,36655.83,427500,0.0,0.0,0.0,0.0,2336.13,45000.0,45000.0,33222.33,36400.005,36400.005,0.0,0,0.0,0.0,27.0,Active,0,0
367,2475924,152369,-6,307466.73,292500,5400.0,5400.0,0.0,0.0,14807.16,14850.0,14850.0,291193.335,306121.23,306121.23,1.0,1,0.0,0.0,32.0,Active,0,0
368,1126822,152374,-7,407832.3,450000,22500.0,22500.0,0.0,0.0,20400.93,40500.0,40500.0,390018.645,403483.635,403483.635,1.0,1,0.0,0.0,41.0,Active,0,0
369,2004758,448518,-1,156369.69,450000,0.0,6765.345,0.0,6765.345,8185.275,9000.0,9000.0,152471.25,156369.69,156369.69,0.0,2,0.0,2.0,28.0,Active,0,0
370,1739150,306267,-6,88828.56,202500,0.0,11380.5,0.0,11380.5,7308.495,36000.0,36000.0,85550.445,88828.56,88828.56,0.0,1,0.0,1.0,29.0,Active,0,0
371,1155629,102465,-6,343711.98,450000,0.0,17536.5,0.0,17536.5,20322.945,90000.0,90000.0,333995.445,343711.98,343711.98,0.0,2,0.0,2.0,96.0,Active,0,0
372,1316896,203561,-7,262910.025,450000,45000.0,45000.0,0.0,0.0,9830.52,22500.0,22500.0,252864.72,260088.525,260088.525,2.0,2,0.0,0.0,20.0,Active,0,0
373,1340049,397815,-7,16822.755,540000,0.0,21830.805,0.0,21830.805,0.0,18000.0,18000.0,16694.19,16694.19,16694.19,0.0,10,0.0,10.0,21.0,Active,0,0
374,1092370,455226,-1,293364.81,450000,0.0,19632.6,0.0,19632.6,14461.695,22500.0,22500.0,286366.275,293364.81,293364.81,0.0,6,0.0,6.0,27.0,Active,0,0
375,1864772,166000,-5,10960.875,450000,0.0,11821.5,0.0,11821.5,0.0,860.625,860.625,10960.875,10960.875,10960.875,0.0,1,0.0,1.0,21.0,Active,0,0
376,2487119,311786,-6,100967.985,450000,0.0,139939.83,0.0,139939.83,2250.0,45000.0,45000.0,100967.985,100967.985,100967.985,0.0,3,0.0,3.0,14.0,Active,0,0
377,1068722,343859,-5,83612.16,540000,0.0,71372.25,0.0,71372.25,12813.615,256050.0,256050.0,71594.865,83612.16,83612.16,0.0,1,0.0,1.0,17.0,Active,0,0
378,2755032,446862,-4,171179.1,450000,9000.0,9000.0,0.0,0.0,9052.29,9450.0,82.89,168442.065,171179.1,171179.1,1.0,1,0.0,0.0,26.0,Active,0,0
379,2720092,130276,-5,106638.525,112500,0.0,2971.485,0.0,2971.485,7875.0,7650.0,7650.0,103836.105,106638.525,106638.525,0.0,2,0.0,2.0,63.0,Active,7,0
380,2621637,228495,-5,420611.895,495000,99000.0,184765.5,0.0,85765.5,10541.565,11250.0,11250.0,400807.665,413884.395,413884.395,5.0,14,0.0,9.0,12.0,Active,0,0
381,2672693,429139,-5,215392.59,270000,0.0,0.0,0.0,0.0,10986.345,11250.0,11250.0,208476.495,215617.59,215617.59,0.0,0,0.0,0.0,91.0,Active,0,0
382,2173300,201351,-7,245160.81,450000,0.0,13092.525,0.0,13092.525,13096.755,18000.0,18000.0,239027.355,245160.81,245160.81,0.0,3,0.0,3.0,23.0,Active,0,0
383,1557203,361477,-4,4842.495,450000,0.0,31437.45,0.0,31437.45,2250.0,473422.005,471172.005,4842.495,4842.495,4842.495,0.0,10,0.0,10.0,5.0,Active,0,0
384,1283727,424733,-4,255.555,45000,45000.0,45000.0,0.0,0.0,2351.745,47475.0,47475.0,0.0,0.0,0.0,1.0,1,0.0,0.0,9.0,Active,0,0
385,2640978,417386,-2,280218.87,450000,15750.0,15750.0,0.0,0.0,13374.945,13500.0,13500.0,268148.385,277752.87,277752.87,2.0,2,0.0,0.0,38.0,Active,0,0
386,1065408,261835,-7,173949.75,337500,0.0,17505.0,0.0,17505.0,9799.92,45209.655,45209.655,168293.52,173279.25,173279.25,0.0,1,0.0,1.0,18.0,Active,0,0
387,2652031,389398,-6,27258.795,450000,0.0,39384.0,0.0,39384.0,0.0,11250.0,9000.0,27258.795,27258.795,27258.795,0.0,1,0.0,1.0,15.0,Active,0,0
388,1053765,165075,-1,71786.88,135000,0.0,2765.475,0.0,2765.475,9450.0,31500.0,31500.0,68829.12,71786.88,71786.88,0.0,1,0.0,1.0,61.0,Active,0,0
389,1536174,309130,-4,24132.645,630000,0.0,24152.4,0.0,24152.4,2250.0,967.5,492.795,24132.105,24132.645,24132.645,0.0,2,0.0,2.0,6.0,Active,0,0
390,2122828,215727,-4,178717.815,292500,0.0,66186.0,0.0,66186.0,6110.91,6300.0,6300.0,175804.605,178717.815,178717.815,0.0,1,0.0,1.0,21.0,Active,0,0
391,1740407,312252,-4,110237.895,157500,0.0,0.0,0.0,0.0,5736.06,6878.655,6878.655,107842.815,110237.895,110237.895,0.0,0,0.0,0.0,15.0,Active,0,0
392,1914917,280060,-1,326648.61,450000,0.0,0.0,0.0,0.0,16522.875,18000.0,18000.0,312457.41,326648.61,326648.61,0.0,0,0.0,0.0,22.0,Active,0,0
393,2629916,257532,-2,425555.235,450000,0.0,0.0,0.0,0.0,22882.275,22950.0,22950.0,405982.35,422219.115,422219.115,0.0,0,0.0,0.0,22.0,Active,0,0
394,1233469,260219,-1,32552.865,450000,0.0,32555.07,0.0,32555.07,0.0,8466.705,8466.705,32552.865,32552.865,32552.865,0.0,7,0.0,7.0,19.0,Active,0,0
395,1940432,177421,-4,46038.33,495000,42750.0,43555.5,0.0,805.5,0.0,0.0,0.0,43176.33,43347.33,43347.33,2.0,3,0.0,1.0,13.0,Active,0,0
396,2165194,454534,-5,2703.24,450000,31500.0,135699.75,0.0,104199.75,7354.035,340087.725,324622.35,0.0,0.0,0.0,2.0,9,0.0,7.0,4.0,Active,0,0
397,1259949,170565,-1,202370.445,225000,0.0,0.0,0.0,0.0,11681.685,18000.0,18000.0,197633.79,202370.445,202370.445,0.0,0,0.0,0.0,9.0,Active,0,0
398,2315967,104355,-5,129.015,135000,22500.0,22522.5,0.0,22.5,0.0,25200.0,22950.0,0.0,0.0,0.0,1.0,2,0.0,1.0,0.0,Active,0,0
399,2475918,296774,-1,396632.025,427500,0.0,15934.5,0.0,15934.5,18557.82,18562.5,18562.5,378614.61,396632.025,396632.025,0.0,8,0.0,8.0,38.0,Active,0,0
400,1408913,383193,-2,322963.695,450000,0.0,74554.065,0.0,74554.065,15445.665,67500.0,67500.0,315967.455,322963.695,322963.695,0.0,17,0.0,17.0,18.0,Active,0,0
401,2341378,302616,-5,47480.67,450000,0.0,11047.5,0.0,11047.5,2848.815,22500.0,22500.0,45523.575,47130.12,47130.12,0.0,2,0.0,2.0,39.0,Active,0,0
402,2307212,225015,-4,245337.57,225000,33300.0,33300.0,0.0,0.0,3007.17,3150.0,3150.0,224960.355,242259.885,242259.885,1.0,1,0.0,0.0,19.0,Active,0,0
403,1519394,322290,-1,210874.59,427500,0.0,0.0,0.0,0.0,10698.525,0.0,0.0,200470.545,208660.455,208660.455,0.0,0,0.0,0.0,5.0,Active,0,0
404,2210035,145601,-6,146780.865,135000,0.0,0.0,0.0,0.0,0.0,,0.0,133677.0,144500.535,144500.535,0.0,0,0.0,0.0,0.0,Active,0,0
405,1290828,438574,-1,25602.255,450000,288000.0,295078.5,0.0,7078.5,2250.0,315651.33,315651.33,19906.02,20741.985,20741.985,3.0,5,0.0,2.0,17.0,Active,0,0
406,1492336,375495,-1,467217.18,450000,4500.0,9328.5,0.0,4828.5,23054.31,23175.0,23175.0,449930.565,465871.68,465871.68,1.0,9,0.0,8.0,39.0,Active,0,0
407,1743366,250314,-1,317477.385,315000,0.0,0.0,0.0,0.0,16418.52,17550.0,17550.0,310820.58,317477.385,317477.385,0.0,0,0.0,0.0,11.0,Active,0,0
408,2600656,450308,-1,253870.065,450000,45000.0,45000.0,0.0,0.0,10543.455,13500.0,13500.0,242369.1,253870.065,253870.065,1.0,1,0.0,0.0,95.0,Active,0,0
409,1772479,157191,-5,114737.535,450000,0.0,0.0,0.0,0.0,6256.08,6750.0,6750.0,111621.825,114737.535,114737.535,0.0,0,0.0,0.0,13.0,Active,0,0
410,2379642,291656,-1,866375.685,900000,0.0,46800.0,46800.0,0.0,43091.775,87944.4,45546.93,851999.715,865030.185,865030.185,0.0,1,1.0,0.0,15.0,Active,0,0
411,2287934,214176,-4,0.0,450000,0.0,0.0,0.0,0.0,0.0,305.955,305.955,0.0,0.0,0.0,0.0,0,0.0,0.0,38.0,Active,0,0
412,1295419,211981,-3,165751.875,180000,0.0,0.0,0.0,0.0,10800.0,15750.0,15750.0,158906.79,165751.875,165751.875,0.0,0,0.0,0.0,103.0,Active,0,0
413,1782121,426766,-1,279561.285,270000,4500.0,4500.0,0.0,0.0,13781.52,0.0,0.0,265730.625,278215.785,278215.785,1.0,1,0.0,0.0,38.0,Active,0,0
414,2814245,208720,-7,122716.17,180000,0.0,6938.865,0.0,6938.865,6340.41,6911.91,6911.91,120084.93,122716.17,122716.17,0.0,2,0.0,2.0,3.0,Active,0,0
415,1597194,101399,-7,410062.365,450000,0.0,2625.615,0.0,2625.615,22093.56,22500.0,22500.0,399496.95,410062.365,410062.365,0.0,2,0.0,2.0,38.0,Active,0,0
416,1940436,165175,-6,589881.195,630000,31500.0,31500.0,0.0,0.0,31496.4,63000.0,32174.37,585012.15,588535.695,588535.695,1.0,1,0.0,0.0,21.0,Active,0,0
417,1263505,115478,-2,388757.385,382500,0.0,0.0,0.0,0.0,19692.045,21150.0,21150.0,371542.23,385896.51,385896.51,0.0,0,0.0,0.0,16.0,Active,0,0
418,1370187,277284,-3,255335.625,450000,184500.0,247361.67,0.0,62861.67,130.5,170.055,170.055,247322.115,248608.125,248608.125,5.0,16,0.0,11.0,19.0,Active,0,0
419,2007396,224055,-7,385138.035,405000,0.0,854.55,0.0,854.55,20960.28,22500.0,22500.0,375060.24,385138.035,385138.035,0.0,1,0.0,1.0,16.0,Active,0,0
420,1676666,290240,-4,216754.92,225000,0.0,0.0,0.0,0.0,10850.715,11250.0,11250.0,205764.66,215170.515,215170.515,0.0,0,0.0,0.0,24.0,Active,0,0
421,1849318,165698,-5,29837.565,45000,0.0,0.0,0.0,0.0,3150.0,3150.0,3150.0,29095.875,29837.565,29837.565,0.0,0,0.0,0.0,59.0,Active,0,0
422,1890031,150035,-3,185685.435,450000,13500.0,13500.0,0.0,0.0,22020.66,292500.0,270752.76,178445.115,184339.935,184339.935,1.0,1,0.0,0.0,27.0,Active,0,0
423,1684619,416865,-7,0.0,135000,,0.0,,,0.0,,0.0,0.0,0.0,0.0,,0,,,0.0,Active,0,0
424,2451764,368477,-2,4869.63,360000,0.0,6749.73,0.0,6749.73,225.0,0.0,0.0,4167.045,4167.045,4167.045,0.0,1,0.0,1.0,13.0,Active,0,0
425,2571927,423117,-5,160148.925,765000,0.0,170410.365,0.0,170410.365,0.0,10261.44,10261.44,160148.925,160148.925,160148.925,0.0,28,0.0,28.0,5.0,Active,0,0
426,2541695,239008,-4,315767.655,540000,9000.0,9000.0,0.0,0.0,16713.0,18000.0,18000.0,307260.225,314197.155,314197.155,1.0,1,0.0,0.0,8.0,Active,0,0
427,2567733,224437,-6,120225.015,135000,0.0,259504.38,0.0,259504.38,250.515,143023.365,142798.365,120225.015,120225.015,120225.015,0.0,9,0.0,9.0,6.0,Active,0,0
428,1825672,154340,-1,135430.56,135000,0.0,3138.075,0.0,3138.075,6790.545,6795.0,6795.0,132153.975,135430.56,135430.56,0.0,7,0.0,7.0,39.0,Active,0,0
429,1414183,241654,-7,213205.32,225000,0.0,0.0,0.0,0.0,11731.995,13500.0,13500.0,207639.99,213205.32,213205.32,0.0,0,0.0,0.0,39.0,Active,0,0
430,1605242,172542,-5,3960.135,450000,0.0,13077.0,0.0,13077.0,2250.0,13500.0,11250.0,3960.135,3960.135,3960.135,0.0,2,0.0,2.0,3.0,Active,0,0
431,1982852,220271,-1,75749.67,135000,0.0,17338.95,0.0,17338.95,2250.0,2250.0,2250.0,72717.3,74388.735,74388.735,0.0,9,0.0,9.0,6.0,Active,0,0
432,1329336,299010,-5,434520.09,405000,4500.0,4500.0,0.0,0.0,21338.325,22500.0,22500.0,404681.715,429422.715,429422.715,1.0,1,0.0,0.0,5.0,Active,0,0
433,1848413,164280,-2,46389.195,45000,0.0,5509.17,0.0,5509.17,2250.0,0.0,0.0,44589.06,46033.695,46033.695,0.0,1,0.0,1.0,43.0,Active,0,0
434,1474542,290527,-6,327202.83,360000,0.0,0.0,0.0,0.0,25200.0,25200.0,25200.0,318107.52,327202.83,327202.83,0.0,0,0.0,0.0,61.0,Active,0,0
435,1797945,243700,-7,255457.35,225000,0.0,0.0,0.0,0.0,12477.78,12850.29,12850.29,236931.615,253187.46,253187.46,0.0,0,0.0,0.0,20.0,Active,0,0
436,1870546,138167,-4,187959.15,225000,0.0,0.0,0.0,0.0,9108.72,18000.0,7883.91,184321.755,187959.15,187959.15,0.0,0,0.0,0.0,24.0,Active,0,0
437,2100894,257275,-3,761464.665,765000,0.0,12412.305,0.0,12412.305,38782.845,45230.85,45230.85,742837.995,761464.665,761464.665,0.0,3,0.0,3.0,18.0,Active,0,0
438,1956396,452001,-4,467697.42,450000,8100.0,8100.0,0.0,0.0,23244.255,23400.0,23400.0,449584.74,466351.92,466351.92,1.0,1,0.0,0.0,28.0,Active,0,0
439,1969950,371295,-6,137268.18,135000,2250.0,2400.615,0.0,150.615,6895.845,7021.71,7021.71,132682.095,135534.285,135534.285,1.0,2,0.0,1.0,11.0,Active,0,0
440,1354963,115288,-3,0.0,45000,0.0,0.0,0.0,0.0,0.0,33.705,0.0,0.0,0.0,0.0,0.0,0,0.0,0.0,72.0,Active,0,0
441,2596395,120486,-1,189799.65,225000,0.0,50575.5,0.0,50575.5,15750.0,15750.0,15750.0,184029.57,188416.575,188416.575,0.0,1,0.0,1.0,17.0,Active,0,0
442,1648527,361402,-6,448244.73,450000,0.0,5575.95,0.0,5575.95,23060.25,28006.425,28006.425,438774.12,448244.73,448244.73,0.0,2,0.0,2.0,23.0,Active,0,0
443,1770926,297726,-4,359089.605,382500,0.0,0.0,0.0,0.0,19803.15,22500.0,22500.0,351062.91,359089.605,359089.605,0.0,0,0.0,0.0,28.0,Active,0,0
444,1461656,453290,-1,199631.16,382500,0.0,13116.6,0.0,13116.6,9370.485,0.0,0.0,190175.895,198193.365,198193.365,0.0,5,0.0,5.0,22.0,Active,0,0
445,2156820,382814,-1,264346.335,270000,0.0,0.0,0.0,0.0,13883.175,13725.0,30.15,260172.0,264346.335,264346.335,0.0,0,0.0,0.0,38.0,Active,0,0
446,2262339,152619,-7,19926.0,450000,0.0,33426.0,0.0,33426.0,244.395,6750.0,6750.0,19926.0,19926.0,19926.0,0.0,2,0.0,2.0,32.0,Active,0,0
447,2166853,366071,-7,21287.07,225000,0.0,0.0,0.0,0.0,2250.0,2250.0,0.0,20928.15,21287.07,21287.07,0.0,0,0.0,0.0,11.0,Active,0,0
448,1782960,395350,-2,371413.215,450000,0.0,0.0,0.0,0.0,20217.825,45000.0,45000.0,359356.68,371413.215,371413.215,0.0,0,0.0,0.0,23.0,Active,0,0
449,2116697,113644,-1,40559.805,450000,22500.0,39105.0,0.0,16605.0,0.0,4.41,4.41,39100.59,39214.305,39214.305,1.0,2,0.0,1.0,20.0,Active,0,0
450,1270790,300163,-1,177184.08,180000,0.0,18486.0,0.0,18486.0,8399.43,9000.0,735.165,174782.655,177184.08,177184.08,0.0,2,0.0,2.0,12.0,Active,0,0
451,2535413,299345,-3,373872.78,450000,0.0,29245.5,0.0,29245.5,17820.09,20250.0,20250.0,365397.525,373872.78,373872.78,0.0,1,0.0,1.0,23.0,Active,0,0
452,1969010,157501,-5,121680.27,382500,0.0,21788.1,0.0,21788.1,6155.28,9000.0,2046.465,121070.295,121680.27,121680.27,0.0,7,0.0,7.0,31.0,Active,0,0
453,2040148,288853,-7,258778.53,270000,0.0,2626.65,0.0,2626.65,12712.23,13500.0,13500.0,250130.295,258778.53,258778.53,0.0,1,0.0,1.0,27.0,Active,0,0
454,2116501,386753,-5,140447.25,225000,0.0,9155.34,0.0,9155.34,6946.245,0.0,0.0,134580.465,140447.25,140447.25,0.0,2,0.0,2.0,19.0,Active,0,0
455,1004900,356429,-4,463685.04,900000,337500.0,337500.0,0.0,0.0,8703.135,64800.0,64800.0,446763.06,455612.04,455612.04,6.0,6,0.0,0.0,12.0,Active,0,0
456,2248408,410812,-4,182252.97,180000,0.0,972.9,0.0,972.9,9140.94,9450.0,9450.0,175809.015,182252.97,182252.97,0.0,2,0.0,2.0,37.0,Active,0,0
457,2023056,431034,-2,25975.53,270000,0.0,0.0,0.0,0.0,2250.0,4500.0,2250.0,25574.49,25975.53,25975.53,0.0,0,0.0,0.0,27.0,Active,0,0
458,2707503,332544,-4,466872.705,450000,0.0,18972.0,0.0,18972.0,22150.845,0.0,0.0,447866.505,466872.705,466872.705,0.0,1,0.0,1.0,29.0,Active,0,0
459,1958875,383414,-6,278010.405,270000,0.0,8105.58,0.0,8105.58,13500.0,13500.0,13500.0,265967.145,275606.955,275606.955,0.0,3,0.0,3.0,39.0,Active,0,0
460,2180648,419506,-5,38025.945,225000,0.0,41100.21,0.0,41100.21,5486.31,5359.905,5359.905,38025.945,38025.945,38025.945,0.0,2,0.0,2.0,11.0,Active,0,0
461,2229831,339080,-1,22689.27,45000,0.0,44886.015,0.0,44886.015,0.0,49309.245,49309.245,22689.27,22689.27,22689.27,0.0,43,0.0,43.0,0.0,Active,0,0
462,2362980,449090,-5,373532.175,450000,0.0,43232.265,0.0,43232.265,18328.86,22500.0,22500.0,364809.6,373532.175,373532.175,0.0,3,0.0,3.0,40.0,Active,0,0
463,1801808,115331,-1,17190.0,202500,0.0,17190.0,0.0,17190.0,0.0,0.0,0.0,17190.0,17190.0,17190.0,0.0,1,0.0,1.0,5.0,Active,0,0
464,2024449,304715,-5,255897.855,765000,0.0,0.0,0.0,0.0,14040.27,15750.0,15750.0,247471.065,255767.355,255767.355,0.0,0,0.0,0.0,21.0,Active,0,0
465,2384713,376352,-7,62957.25,225000,0.0,85457.25,0.0,85457.25,0.0,22500.0,22500.0,62957.25,62957.25,62957.25,0.0,1,0.0,1.0,0.0,Active,0,0
466,2539846,339863,-5,282066.885,495000,0.0,21564.135,0.0,21564.135,12476.385,13500.0,13500.0,271389.24,279998.235,279998.235,0.0,12,0.0,12.0,21.0,Active,0,0
467,1289093,352307,-1,256272.03,450000,0.0,256272.03,0.0,256272.03,0.0,0.0,0.0,256272.03,256272.03,256272.03,0.0,3,0.0,3.0,10.0,Active,0,0
468,1840380,402158,-5,430273.755,450000,0.0,22666.545,0.0,22666.545,22083.075,22500.0,22500.0,419327.685,430273.755,430273.755,0.0,7,0.0,7.0,22.0,Active,0,0
469,1460212,118801,-5,61516.17,225000,0.0,113629.05,0.0,113629.05,2544.705,148400.505,148270.005,61516.17,61516.17,61516.17,0.0,14,0.0,14.0,11.0,Active,0,0
470,2663334,268249,-3,469563.975,450000,0.0,10080.9,0.0,10080.9,22893.615,0.0,0.0,449721.225,469563.975,469563.975,0.0,6,0.0,6.0,24.0,Active,0,0
471,1029146,205358,-5,464989.68,450000,0.0,13056.3,0.0,13056.3,22437.225,22500.0,22500.0,449754.615,464989.68,464989.68,0.0,4,0.0,4.0,24.0,Active,0,0
472,2074599,268502,-4,92443.14,900000,0.0,21807.0,0.0,21807.0,5619.6,22500.0,22500.0,89198.73,92443.14,92443.14,0.0,4,0.0,4.0,13.0,Active,0,0
473,1743802,366952,-7,98745.21,315000,0.0,101298.825,0.0,101298.825,8331.345,1769.94,1648.665,98745.21,98745.21,98745.21,0.0,5,0.0,5.0,17.0,Active,0,0
474,2795319,193507,-7,233887.32,675000,0.0,0.0,0.0,0.0,12233.79,22500.0,22500.0,222176.025,232176.555,232176.555,0.0,0,0.0,0.0,27.0,Active,0,0
475,2807741,357521,-4,142333.29,135000,0.0,1199.25,0.0,1199.25,7103.925,7200.0,7200.0,134526.465,142197.435,142197.435,0.0,1,0.0,1.0,25.0,Active,0,0
476,1337187,188969,-1,248567.265,270000,9000.0,9000.0,0.0,0.0,12957.66,13050.0,13050.0,242052.84,247221.765,247221.765,1.0,1,0.0,0.0,20.0,Active,0,0
477,1876841,310038,-7,189528.525,180000,0.0,0.0,0.0,0.0,9587.475,9900.0,9900.0,177585.075,188161.11,188161.11,0.0,0,0.0,0.0,18.0,Active,0,0
478,1376802,104523,-1,11866.815,135000,0.0,11866.995,0.0,11866.995,2250.0,0.0,0.0,11866.815,11866.815,11866.815,0.0,1,0.0,1.0,7.0,Active,717,0
479,2316060,371521,-7,250039.35,270000,0.0,0.0,0.0,0.0,13954.32,13950.0,253.98,246020.445,250039.35,250039.35,0.0,0,0.0,0.0,33.0,Active,0,0
480,2787738,379648,-1,172942.11,225000,0.0,0.0,0.0,0.0,11250.0,11250.0,11250.0,165729.285,172586.61,172586.61,0.0,0,0.0,0.0,42.0,Active,0,0
481,2148141,389573,-6,604632.69,585000,0.0,17176.77,0.0,17176.77,26143.155,29541.15,29541.15,580756.23,599490.36,599490.36,0.0,5,0.0,5.0,16.0,Active,0,0
482,2126777,311676,-6,263946.69,405000,63450.0,121028.58,0.0,57578.58,10626.435,45000.0,45000.0,242207.55,247800.69,247800.69,13.0,22,0.0,9.0,28.0,Active,0,0
483,1308932,249347,-6,387317.34,405000,0.0,0.0,0.0,0.0,19494.45,19575.0,19575.0,370313.775,387317.34,387317.34,0.0,0,0.0,0.0,26.0,Active,0,0
484,1105596,323923,-6,440520.21,450000,112500.0,131819.355,0.0,19319.355,15480.18,15750.0,15750.0,425673.045,437829.21,437829.21,2.0,4,0.0,2.0,32.0,Active,0,0
485,2029033,439552,-5,286553.745,261000,2250.0,2250.0,0.0,0.0,14173.065,14400.0,14400.0,258244.11,283106.61,283106.61,1.0,1,0.0,0.0,18.0,Active,0,0
486,2524970,423887,-5,7770.285,450000,0.0,17240.625,0.0,17240.625,2043.63,6113.97,6113.97,7770.285,7770.285,7770.285,0.0,4,0.0,4.0,41.0,Active,0,0
487,1697085,391519,-5,352164.69,720000,0.0,0.0,0.0,0.0,18044.01,23400.0,23400.0,337480.155,349566.075,349566.075,0.0,0,0.0,0.0,23.0,Active,0,0
488,2491153,131128,-5,465881.985,450000,0.0,6712.245,0.0,6712.245,23314.995,23400.0,23400.0,449611.92,465881.985,465881.985,0.0,5,0.0,5.0,30.0,Active,0,0
489,1355422,199838,-4,322044.66,450000,0.0,0.0,0.0,0.0,16738.065,29250.0,29250.0,305511.345,319692.195,319692.195,0.0,0,0.0,0.0,26.0,Active,0,0
490,1363279,174136,-1,382259.655,405000,0.0,1435.5,0.0,1435.5,20707.425,20925.0,20925.0,373733.955,382259.655,382259.655,0.0,2,0.0,2.0,41.0,Active,0,0
491,2731288,221950,-3,82526.49,360000,0.0,82153.53,0.0,82153.53,18718.425,0.0,0.0,79043.895,82149.255,82149.255,0.0,49,0.0,49.0,25.0,Active,0,0
492,1132263,228383,-7,366057.315,450000,0.0,0.0,0.0,0.0,18792.495,22500.0,22500.0,353350.305,366057.315,366057.315,0.0,0,0.0,0.0,27.0,Active,0,0
493,2290317,213868,-1,157644.135,450000,0.0,0.0,0.0,0.0,9498.105,13500.0,4401.225,154975.05,157644.135,157644.135,0.0,0,0.0,0.0,22.0,Active,0,0
494,1595285,277221,-6,461502.72,450000,11250.0,11250.0,0.0,0.0,23009.625,27000.0,27000.0,444442.275,460157.22,460157.22,1.0,1,0.0,0.0,24.0,Active,0,0
495,2819460,186874,-5,7042.005,225000,0.0,7555.5,0.0,7555.5,2250.0,6750.0,6750.0,6988.185,7042.005,7042.005,0.0,2,0.0,2.0,66.0,Active,0,0
496,1745951,257131,-6,15222.15,450000,0.0,0.0,0.0,0.0,0.0,6750.0,4500.0,14993.37,15222.15,15222.15,0.0,0,0.0,0.0,17.0,Active,0,0
497,2224776,294693,-5,16210.62,90000,0.0,55951.38,0.0,55951.38,2250.0,52706.43,52706.43,16210.62,16210.62,16210.62,0.0,22,0.0,22.0,2.0,Active,0,0
498,2216462,184362,-4,400985.91,450000,0.0,0.0,0.0,0.0,21780.225,22500.0,22500.0,390604.5,400985.91,400985.91,0.0,0,0.0,0.0,37.0,Active,0,0
499,2243487,399174,-7,225.0,90000,0.0,23316.75,0.0,23316.75,0.0,24075.0,24075.0,225.0,225.0,225.0,0.0,13,0.0,13.0,0.0,Active,0,0
