,SK_ID_PREV,SK_ID_CURR,NUM_INSTALMENT_VERSION,NUM_INSTALMENT_NUMBER,DAYS_INSTALMENT,DAYS_ENTRY_PAYMENT,AMT_INSTALMENT,AMT_PAYMENT
0,1054186,161674,1.0,6,-1180.0,-1187.0,6948.36,6948.36
1,1330831,151639,0.0,34,-2156.0,-2156.0,1716.525,1716.525
2,2085231,193053,2.0,1,-63.0,-63.0,25425.0,25425.0
3,2452527,199697,1.0,3,-2418.0,-2426.0,24350.13,24350.13
4,2714724,167756,1.0,2,-1383.0,-1366.0,2165.04,2160.585
5,1137312,164489,1.0,12,-1384.0,-1417.0,5970.375,5970.375
6,2234264,184693,4.0,11,-349.0,-352.0,29432.295,29432.295
7,1818599,111420,2.0,4,-968.0,-994.0,17862.165,17862.165
8,2723183,112102,0.0,14,-197.0,-197.0,70.74,70.74
9,1413990,109741,1.0,4,-570.0,-609.0,14308.47,14308.47
10,1782554,106597,1.0,3,-933.0,-937.0,34620.525,34620.525
11,2558880,154793,1.0,8,-1262.0,-1269.0,15031.08,15031.08
12,1570206,147645,0.0,20,-761.0,-761.0,21.51,21.51
13,1723268,197273,1.0,14,-755.0,-800.0,6093.99,6093.99
14,1594684,100193,0.0,56,-1153.0,-1153.0,301.86,301.86
15,1456258,118323,1.0,6,-2619.0,-2619.0,4844.925,4844.925
16,1053286,170192,1.0,7,-500.0,-503.0,6882.84,6882.84
17,1410565,197687,1.0,1,-1037.0,-1048.0,12514.05,12510.45
18,2391610,183431,0.0,20,-1680.0,-1693.0,7875.0,7875.0
19,2329072,183463,1.0,11,-1699.0,-1693.0,7283.295,7283.295
20,1354314,196570,1.0,14,-361.0,-365.0,15219.0,15219.0
21,2260765,106012,3.0,23,-56.0,-59.0,13494.915,13494.915
22,1995642,134723,1.0,38,-1277.0,-1282.0,12949.2,12949.2
23,2631836,140337,0.0,116,-322.0,-322.0,560.88,560.88
24,2702769,102122,1.0,1,-281.0,-286.0,5178.195,5178.195
25,1770345,128334,1.0,5,-240.0,-255.0,10649.925,10649.925
26,1818333,191655,1.0,6,-345.0,-356.0,16479.27,16479.27
27,1991673,162903,0.0,46,-2548.0,-2561.0,5400.0,5400.0
28,1184783,140804,0.0,106,-155.0,-155.0,503.46,503.46
29,1181315,174565,1.0,7,-1894.0,-1895.0,16274.79,16274.79
30,1840786,175114,1.0,11,-476.0,-474.0,21179.7,21161.7
31,1618622,128303,1.0,5,-2807.0,-2807.0,6523.425,6523.425
32,1720935,176364,1.0,9,-354.0,-356.0,61192.53,61192.53
33,2039177,190995,1.0,5,-1145.0,-1172.0,6966.09,6966.09
34,2671380,111601,1.0,7,-540.0,-548.0,8109.765,8109.765
35,1003606,188637,0.0,105,-174.0,-174.0,110.655,110.655
36,2553780,161066,1.0,3,-162.0,-190.0,11529.63,11529.63
37,1439208,154898,1.0,20,-181.0,-185.0,8851.23,8851.23
38,2717177,149207,0.0,88,-1219.0,-1219.0,741.96,741.96
39,1133724,146582,1.0,6,-316.0,-332.0,17115.57,17115.57
40,2270983,159586,0.0,30,-2022.0,-2046.0,9000.0,1800.0
41,1640082,172575,1.0,4,-827.0,-832.0,8720.28,8720.28
42,1434401,173001,5.0,5,-211.0,-217.0,4802.13,4802.13
43,1682661,179939,1.0,9,-1852.0,-1860.0,3456.675,3456.675
44,2150006,191981,1.0,3,-2060.0,-2068.0,15987.96,15987.96
45,1644499,111587,1.0,8,-2116.0,-2101.0,3078.81,3078.81
46,1846594,186032,1.0,6,-810.0,-810.0,7389.09,7389.09
47,1895324,131465,1.0,6,-1386.0,-1379.0,3229.065,3212.865
48,2411245,153352,1.0,1,-2588.0,-2555.0,3294.9,650.52
49,1949985,157527,1.0,5,-186.0,-190.0,8533.485,8533.485
50,1220449,136423,1.0,16,-61.0,-89.0,34717.5,2675.745
51,2154310,105713,1.0,8,-198.0,-207.0,21954.6,21954.6
52,2726751,182114,1.0,20,-1066.0,-1091.0,10770.75,499.5
53,1794763,157429,1.0,1,-1448.0,-1454.0,9327.105,9327.105
54,2083019,172868,1.0,4,-2478.0,-2478.0,5744.61,5744.61
55,2632598,169863,0.0,65,-912.0,-912.0,349.83,349.83
56,1423667,195138,1.0,19,-255.0,-324.0,3494.835,3494.835
57,2565507,158267,1.0,15,-617.0,-647.0,25153.11,25153.11
58,2428946,147366,1.0,16,-489.0,-489.0,46177.2,46177.2
59,2778384,151594,0.0,57,-1823.0,-1823.0,249.03,249.03
60,2344606,162897,1.0,3,-1396.0,-1399.0,28407.78,28407.78
61,1457055,109787,1.0,10,-1165.0,-1186.0,13016.115,13016.025
62,2162416,197419,0.0,7,-2158.0,-2158.0,2187.27,2187.27
63,1669153,112468,0.0,2,-338.0,-344.0,8411.4,8411.4
64,1033867,166805,1.0,4,-1691.0,-1692.0,16006.545,16006.545
65,1492101,159413,1.0,5,-967.0,-1006.0,5075.865,5075.865
66,2632992,123449,1.0,1,-265.0,-293.0,77071.5,77071.5
67,2565007,115539,1.0,5,-1645.0,-1674.0,4805.91,4805.91
68,1780053,189947,1.0,5,-374.0,-373.0,22772.34,22772.34
69,1775456,134670,1.0,1,-981.0,-977.0,34703.82,32537.79
70,1873884,121871,4.0,10,-266.0,-267.0,1890.585,1890.585
71,1254935,138262,0.0,41,-1176.0,-1187.0,9000.0,9000.0
72,2379431,102345,0.0,84,-1389.0,-1396.0,8100.0,8100.0
73,1033100,135169,1.0,8,-2176.0,-2177.0,18478.845,18478.845
74,1193446,175313,1.0,5,-867.0,-868.0,35774.19,35774.19
75,1237335,114262,1.0,9,-2259.0,-2290.0,10492.02,10492.02
76,1249017,112028,0.0,41,-62.0,-62.0,1559.25,1559.25
77,2436675,145728,1.0,15,-380.0,-378.0,13000.5,12382.56
78,1306658,183774,0.0,49,-1567.0,-1570.0,9000.0,9000.0
79,1730720,128508,0.0,2,-822.0,-822.0,15623.955,15623.955
80,2740963,128715,1.0,2,-1615.0,-1618.0,8829.405,8829.405
81,1762261,151682,0.0,59,-45.0,-48.0,1087.245,356.805
82,2318810,134177,1.0,4,-37.0,-50.0,9309.105,9309.105
83,2558325,160486,1.0,1,-1104.0,-1109.0,19193.175,19193.175
84,2157839,130061,1.0,2,-832.0,-834.0,30283.29,30283.29
85,1875295,137353,0.0,107,-1735.0,-1747.0,10800.0,10800.0
86,1185174,164662,2.0,5,-1617.0,-1629.0,5616.585,5616.585
87,1773564,156905,1.0,7,-1234.0,-1242.0,16234.38,16234.38
88,1915769,138380,1.0,17,-1067.0,-1060.0,16729.155,15592.365
89,2159358,128066,1.0,6,-2869.0,-2869.0,2978.145,2978.145
90,1362611,196368,1.0,3,-932.0,-949.0,6412.005,6412.005
91,1621283,180619,1.0,12,-2547.0,-2551.0,3118.77,3118.77
92,1736834,181129,1.0,3,-2589.0,-2589.0,9829.53,9829.53
93,2623487,174960,1.0,10,-976.0,-972.0,11463.975,11445.75
94,1850125,106619,0.0,59,-2599.0,-2599.0,727.875,727.875
95,2269581,141541,0.0,94,-695.0,-695.0,406.8,406.8
96,2645533,116025,1.0,7,-873.0,-894.0,8883.945,8883.945
97,2229715,168387,1.0,11,-1299.0,-1298.0,3020.49,3020.49
98,2664388,166612,1.0,5,-2196.0,-2207.0,11524.815,11524.815
99,2127195,110953,1.0,8,-1291.0,-1284.0,54752.85,54459.675
100,2270722,138158,1.0,4,-287.0,-283.0,35941.995,27000.0
101,1311693,172306,3.0,15,-449.0,-451.0,29500.38,29500.38
102,1237727,120609,1.0,17,-177.0,-182.0,6371.235,6371.235
103,2563249,178953,0.0,64,-502.0,-502.0,494.55,494.55
104,1552493,198539,2.0,1,-698.0,-713.0,2292736.86,2292736.86
105,1991612,195100,0.0,28,-373.0,-373.0,758.79,758.79
106,1896441,147040,2.0,24,-174.0,-177.0,9641.025,9641.025
107,1281940,176194,2.0,10,-1934.0,-1961.0,10352.52,10352.52
108,1238613,173633,1.0,14,-128.0,-140.0,44214.255,44214.255
109,2469644,176283,1.0,3,-717.0,-725.0,24318.18,24318.18
110,1100291,138431,0.0,140,-216.0,-242.0,2250.0,2250.0
111,1905590,153087,1.0,1,-2301.0,-2331.0,5175.72,27.36
112,2776579,101266,1.0,5,-1438.0,-1441.0,14780.43,14780.43
113,2105178,121798,1.0,17,-2221.0,-2240.0,3255.795,3255.795
114,1640290,180836,0.0,12,-2701.0,-2712.0,4500.0,4500.0
115,1249024,183672,1.0,3,-651.0,-652.0,38224.485,38224.485
116,1160209,128830,2.0,5,-846.0,-862.0,5595.975,5595.975
117,1604831,160757,1.0,2,-2690.0,-2693.0,7569.81,7569.81
118,2075235,152976,0.0,43,-1605.0,-1619.0,6750.0,6750.0
119,1497482,142953,1.0,9,-1013.0,-1025.0,15865.695,15865.695
120,1766463,167499,0.0,99,-1154.0,-1152.0,13500.0,13500.0
121,1101325,126538,1.0,3,-83.0,-108.0,24373.665,24373.665
122,1216639,118826,1.0,1,-1745.0,-1744.0,12044.34,12044.34
123,1430251,158985,1.0,7,-1337.0,-1345.0,9830.475,9830.475
124,1626717,109617,1.0,4,-460.0,-459.0,10245.6,10245.6
125,2585465,165600,2.0,7,-494.0,-510.0,63594.765,63594.765
126,2016447,161719,0.0,69,-968.0,-968.0,170.595,170.595
127,1087480,147792,1.0,13,-388.0,-419.0,8561.025,5267.7
128,2102838,104584,2.0,2,-1216.0,-1224.0,157159.8,157159.8
129,1481462,175228,1.0,7,-2453.0,-2453.0,4662.81,4662.81
130,1496271,112436,1.0,1,-201.0,-207.0,16012.035,32400.0
131,1496271,112436,2.0,1,-201.0,-207.0,16387.965,32400.0
132,2290715,181349,0.0,22,-772.0,-772.0,156.78,156.78
133,2105136,100605,1.0,9,-65.0,-80.0,7679.43,7679.43
134,2607596,154140,1.0,8,-18.0,-27.0,8589.24,8589.24
135,2052386,159896,1.0,8,-333.0,-330.0,4578.975,4045.365
136,1835377,134812,0.0,85,-927.0,-927.0,511.605,511.605
137,1471486,178166,1.0,6,-590.0,-592.0,34236.63,34236.63
138,2116565,127348,1.0,6,-502.0,-502.0,13845.24,13845.24
139,2833952,136335,0.0,24,-97.0,-97.0,907.29,907.29
140,1635861,178006,0.0,29,-2783.0,-2788.0,8100.0,8100.0
141,1589437,163385,0.0,83,-1495.0,-1495.0,3375.0,3375.0
142,1051816,146042,1.0,11,-2036.0,-2041.0,3521.115,3521.115
143,2560638,120335,1.0,5,-483.0,-498.0,3729.825,3729.825
144,1081233,114724,0.0,14,-245.0,-245.0,2250.0,2250.0
145,2005030,179147,1.0,9,-969.0,-992.0,10342.89,10342.89
146,1651861,105662,1.0,1,-2144.0,-2154.0,4107.825,4107.825
147,1030740,141698,0.0,73,-1456.0,-1456.0,126.0,126.0
148,2793472,104290,1.0,5,-1624.0,-1633.0,9536.535,9536.535
149,1874440,139061,1.0,6,-850.0,-871.0,22778.64,22778.64
150,2365976,191813,0.0,139,-349.0,-349.0,302.265,302.265
151,2727931,101343,2.0,15,-980.0,-980.0,18889.065,18889.065
152,1411124,157101,0.0,39,-653.0,-651.0,21570.39,21570.39
153,1621918,197902,1.0,18,-21.0,-17.0,23772.105,23616.54
154,1135565,146585,1.0,3,-1272.0,-1278.0,6769.17,6769.17
155,2396015,180996,1.0,8,-622.0,-633.0,18859.995,18859.995
156,2242088,102807,1.0,1,-2587.0,-2587.0,6198.12,6198.12
157,1717785,167275,0.0,26,-2316.0,-2317.0,9000.0,9000.0
158,1955739,146254,1.0,13,-449.0,-452.0,34767.495,34767.495
159,2027498,121455,0.0,25,-2693.0,-2693.0,145.08,145.08
160,2208756,188441,1.0,1,-542.0,-566.0,14379.48,14379.48
161,2366676,146303,1.0,4,-1633.0,-1641.0,22373.325,22373.325
162,2741795,151212,1.0,8,-2701.0,-2697.0,5480.955,5111.91
163,2244660,128659,1.0,2,-656.0,-671.0,14822.46,14822.46
164,1012266,133628,1.0,11,-320.0,-323.0,13315.41,13315.41
165,2263433,185101,1.0,8,-2439.0,-2450.0,7171.245,7171.245
166,2229568,186428,1.0,1,-435.0,-447.0,16643.655,16643.655
167,1319950,167679,1.0,9,-466.0,-474.0,18601.785,18601.785
168,2487130,154175,1.0,6,-1846.0,-1846.0,8047.845,8047.845
169,1000949,120682,1.0,8,-26.0,-62.0,2718.225,2718.225
170,1333199,147762,0.0,21,-2487.0,-2487.0,1125.0,1125.0
171,1176177,105439,0.0,44,-1755.0,-1755.0,4500.0,4500.0
172,1701586,199542,1.0,1,-124.0,-138.0,12264.93,12264.93
173,1548161,197577,1.0,7,-1295.0,-1294.0,5011.02,5011.02
174,2819405,137203,0.0,49,-1654.0,-1654.0,320.85,320.85
175,2495195,168231,1.0,9,-828.0,-828.0,32937.255,32937.255
176,2677589,198796,1.0,12,-1528.0,-1529.0,8928.54,8928.54
177,1451494,114363,1.0,9,-362.0,-371.0,10498.68,10498.68
178,1026624,100736,0.0,38,-1878.0,-1878.0,5625.0,5625.0
179,1131134,147849,3.0,26,-34.0,-35.0,421570.845,421570.845
180,1406685,125183,1.0,8,-2687.0,-2696.0,16608.6,16608.6
181,2428866,180879,7.0,5,-41.0,-46.0,28456.335,36000.0
182,2428866,180879,8.0,5,-41.0,-46.0,7543.665,36000.0
183,2584349,145462,0.0,34,-757.0,-757.0,12375.0,12375.0
184,2507992,112626,1.0,3,-338.0,-339.0,21928.5,21928.5
185,1406298,156441,0.0,30,-573.0,-573.0,2.16,2.16
186,2557505,113995,1.0,10,-100.0,-101.0,16632.405,16632.405
187,1592183,113150,1.0,27,-873.0,-883.0,11023.515,1604.25
188,1890659,110346,1.0,5,-1567.0,-1601.0,3042.0,3042.0
189,1330750,186389,1.0,10,-2571.0,-2571.0,2084.85,2084.85
190,1639096,179579,1.0,5,-323.0,-324.0,12264.525,12264.525
191,2801393,199660,0.0,23,-2303.0,-2310.0,9000.0,9000.0
192,2661512,199778,1.0,3,-725.0,-743.0,7181.685,7181.685
193,1642436,135562,1.0,6,-572.0,-588.0,9130.545,9130.545
194,2090250,176215,7.0,10,-378.0,-405.0,18297.36,18297.36
195,2309672,131401,1.0,3,-1474.0,-1484.0,11443.455,11443.455
196,1541652,103321,1.0,9,-862.0,-892.0,10794.24,10794.24
197,2208015,185137,1.0,11,-787.0,-804.0,10857.375,10857.375
198,1686577,198644,1.0,18,-87.0,-316.0,4905.36,4905.36
199,2687649,146102,0.0,31,-705.0,-705.0,94275.0,94275.0
200,2766113,133752,1.0,8,-222.0,-232.0,5217.39,5217.39
201,1262922,142061,0.0,37,-2219.0,-2230.0,3375.0,3375.0
202,1879913,117823,0.0,63,-1015.0,-1015.0,19800.0,19800.0
203,1666460,176059,0.0,45,-1941.0,-1958.0,6750.0,6750.0
204,1544138,103497,2.0,8,-2388.0,-2404.0,10303.56,10303.56
205,1162532,148419,1.0,2,-1485.0,-1494.0,6552.225,6552.225
206,1056824,121174,1.0,4,-2416.0,-2490.0,11109.87,11109.87
207,2727939,121120,1.0,5,-942.0,-956.0,34848.0,34848.0
208,2480304,100012,3.0,4,-387.0,-428.0,5242.86,5242.86
209,1041832,152388,1.0,11,-1375.0,-1378.0,22055.49,22055.49
210,1599641,120866,1.0,2,-351.0,-383.0,22728.015,22728.015
211,2214136,113239,1.0,11,-280.0,-295.0,10321.38,10321.38
212,1106703,177704,0.0,9,-225.0,-225.0,0.225,0.225
213,1221609,101260,1.0,2,-1417.0,-1425.0,6539.805,6539.805
214,2605900,142443,1.0,3,-2466.0,-2459.0,7381.8,1.8
215,2774152,138788,1.0,10,-244.0,-268.0,11629.53,11629.53
216,2465168,110479,1.0,2,-2410.0,-2413.0,11844.36,11844.36
217,1621235,192900,1.0,9,-324.0,-308.0,14544.72,13749.705
218,2476771,167428,0.0,78,-609.0,-609.0,233.01,233.01
219,1761911,169117,0.0,6,-578.0,-578.0,37388.88,37388.88
220,1076316,186143,1.0,6,-924.0,-964.0,7009.245,2128.59
221,1776446,183428,0.0,46,-1786.0,-1786.0,1125.0,1125.0
222,2299665,104873,0.0,27,-705.0,-702.0,7063.38,7063.38
223,2447808,198982,1.0,9,-444.0,-475.0,41660.145,1659.42
224,2350280,171992,3.0,6,-194.0,-221.0,27699.39,27699.39
225,2716493,182941,1.0,9,-482.0,-512.0,10155.195,7428.24
226,2798063,122063,1.0,6,-1612.0,-1624.0,3506.985,3506.985
227,1136481,155253,1.0,2,-1186.0,-1232.0,16149.6,16149.6
228,1141609,140197,0.0,53,-304.0,-304.0,1559.025,1559.025
229,2414346,134516,1.0,16,-864.0,-860.0,47484.0,46836.0
230,1783322,105771,1.0,22,-122.0,-142.0,35613.0,35613.0
231,2773452,189771,0.0,11,-952.0,-952.0,1288.305,1288.305
232,2137328,189004,0.0,25,-2400.0,-2406.0,4500.0,4500.0
233,1150847,152236,0.0,92,-1284.0,-1285.0,10800.0,10800.0
234,2467030,196058,0.0,53,-208.0,-223.0,19542.375,19542.375
235,1717146,112755,1.0,17,-1535.0,-1532.0,16389.045,16339.905
236,2697902,182744,1.0,10,-625.0,-631.0,7136.37,7136.37
237,1972827,114326,0.0,49,-62.0,-62.0,540.18,540.18
238,1976594,197363,0.0,6,-678.0,-678.0,2137.815,2137.815
239,2538339,194185,1.0,9,-501.0,-517.0,10685.25,10685.25
240,1876811,149739,1.0,1,-2238.0,-2249.0,12088.8,12088.8
241,2090335,102686,0.0,19,-211.0,-211.0,15228.72,15228.72
242,1745270,112429,1.0,1,-698.0,-707.0,28786.5,28786.5
243,2366429,171874,0.0,30,-2174.0,-2181.0,4500.0,4500.0
244,1746279,192359,0.0,99,-263.0,-282.0,6365.205,6365.205
245,2509211,171619,2.0,8,-1853.0,-1854.0,37488.465,37488.465
246,2363983,143712,1.0,3,-2513.0,-2525.0,5489.325,5489.325
247,2498809,172333,1.0,6,-1276.0,-1276.0,11354.49,11354.49
248,1599398,109768,1.0,11,-513.0,-516.0,27187.02,27187.02
249,1607464,198155,2.0,6,-1192.0,-1198.0,14899.95,14899.95
250,2657283,196357,1.0,11,-839.0,-870.0,14877.18,92.79
251,2045853,159605,1.0,9,-503.0,-519.0,34271.685,34271.685
252,2059172,154417,3.0,5,-1174.0,-1186.0,104590.665,104590.665
253,1313044,183823,1.0,19,-990.0,-992.0,9573.57,9573.57
254,2270174,168343,1.0,2,-2548.0,-2548.0,6059.16,6059.16
255,1208000,174918,3.0,3,-345.0,-349.0,16367.355,16367.355
256,1388965,144544,2.0,5,-530.0,-545.0,44048.43,44048.43
257,2261291,101813,0.0,112,-204.0,-204.0,351.0,351.0
258,1255079,102430,1.0,3,-272.0,-288.0,58010.715,58010.715
259,1885015,166969,1.0,14,-1652.0,-1677.0,13494.6,13494.6
260,1519693,160256,0.0,57,-327.0,-327.0,213.075,213.075
261,2557797,186561,1.0,18,-1126.0,-1133.0,3326.355,3326.355
262,1916643,101442,1.0,10,-1924.0,-1954.0,17717.4,32.4
263,1254935,138262,0.0,36,-1329.0,-1346.0,9000.0,9000.0
264,2290948,130964,2.0,4,-1707.0,-1724.0,14280.615,14280.615
265,1266144,148925,1.0,4,-687.0,-686.0,16973.55,16973.55
266,2570079,179323,1.0,4,-2735.0,-2735.0,2380.275,2380.275
267,1354926,176558,0.0,93,-372.0,-391.0,11250.0,11250.0
268,1453010,142160,1.0,2,-2003.0,-2038.0,9196.56,9196.56
269,1383033,137134,1.0,6,-1342.0,-1344.0,22883.355,22883.355
270,1100553,142523,0.0,22,-129.0,-129.0,1.485,1.485
271,2502804,193383,1.0,5,-2367.0,-2373.0,8252.685,8252.685
272,1927812,198243,1.0,3,-2467.0,-2477.0,2149.965,2149.965
273,1999342,121148,1.0,1,-1051.0,-1049.0,20416.635,9587.835
274,1875295,137353,0.0,114,-1643.0,-1673.0,2808.36,2808.36
275,1332340,133557,1.0,3,-2107.0,-2133.0,8137.395,8.505
276,1291918,112903,0.0,58,-1464.0,-1464.0,350.01,350.01
277,1175969,193467,1.0,3,-891.0,-912.0,12481.56,12481.56
278,1549613,140676,1.0,9,-643.0,-651.0,10680.3,10680.3
279,2641556,158489,1.0,11,-1134.0,-1146.0,7105.5,7105.5
280,1636501,135581,0.0,31,-363.0,-363.0,415.17,415.17
281,2166564,127125,1.0,6,-1288.0,-1289.0,12118.5,12118.5
282,2561611,177451,1.0,4,-735.0,-742.0,44410.545,44410.545
283,2670873,199660,1.0,4,-2155.0,-2157.0,10073.97,10073.97
284,1857312,118321,1.0,3,-2219.0,-2232.0,3482.91,3482.91
285,2713867,182688,1.0,1,-2652.0,-2652.0,13636.35,13636.35
286,1389564,104535,1.0,9,-1070.0,-1078.0,19995.48,19995.48
287,2077569,197435,1.0,1,-1036.0,-1066.0,44992.98,44992.98
288,1332637,148881,0.0,4,-973.0,-975.0,5227.56,5227.56
289,1057746,142516,1.0,5,-173.0,-190.0,8903.43,8903.43
290,1978575,175248,1.0,9,-849.0,-851.0,17620.38,17620.38
291,1978440,187711,1.0,2,-295.0,-299.0,15216.255,15216.255
292,2116684,159083,0.0,59,-1171.0,-1171.0,387.27,387.27
293,2836198,131082,1.0,2,-737.0,-742.0,74281.41,74281.41
294,1034689,148810,1.0,11,-1041.0,-1040.0,23363.775,23363.775
295,1438761,181394,1.0,11,-119.0,-121.0,4712.49,4712.49
296,1514884,133602,1.0,6,-1726.0,-1734.0,4019.76,4019.76
297,2565433,175832,0.0,59,-274.0,-284.0,23273.82,23273.82
298,2568096,102845,0.0,12,-309.0,-309.0,17305.83,17305.83
299,1905590,153087,1.0,7,-2121.0,-2130.0,5175.72,5175.72
300,2109834,103383,3.0,9,-500.0,-505.0,29253.87,29253.87
301,2222178,109157,1.0,7,-1919.0,-1955.0,3985.47,3985.47
302,1973095,143575,0.0,32,-113.0,-113.0,1848.24,1848.24
303,1574081,119672,0.0,41,-304.0,-309.0,2250.0,2250.0
304,1500483,174182,1.0,4,-1976.0,-1995.0,15547.995,15547.995
305,2066085,190737,1.0,1,-617.0,-621.0,24835.5,24835.5
306,2745338,121231,0.0,22,-1753.0,-1742.0,6750.0,6750.0
307,1162596,155049,1.0,16,-416.0,-418.0,62888.085,62888.085
308,1766667,128078,1.0,5,-426.0,-439.0,23507.955,23507.955
309,2016487,153977,1.0,7,-1329.0,-1342.0,5981.13,5981.13
310,2726865,174076,0.0,24,-462.0,-462.0,161.37,161.37
311,1743396,163817,0.0,116,-25.0,-25.0,512.145,512.145
312,2813094,175035,0.0,41,-1528.0,-1528.0,134.1,134.1
313,1235217,123247,1.0,4,-720.0,-722.0,27869.13,27869.13
314,2737164,160133,1.0,12,-2486.0,-2509.0,25530.795,28.575
315,2063156,121418,1.0,6,-1456.0,-1469.0,2509.605,2509.605
316,2540095,149897,0.0,15,-2607.0,-2607.0,11250.0,11250.0
317,2006996,109852,1.0,7,-1138.0,-1149.0,9030.645,9030.645
318,1693799,130797,1.0,9,-420.0,-418.0,12615.93,6433.2
319,1874175,104878,0.0,20,-28.0,-28.0,3005.28,3005.28
320,1535195,193397,1.0,1,-395.0,-398.0,23055.75,23055.75
321,2704399,151291,1.0,8,-541.0,-543.0,5707.125,5707.125
322,1660876,171375,1.0,8,-264.0,-276.0,22978.89,22978.89
323,1748954,180042,1.0,14,-1354.0,-1352.0,12734.19,12699.045
324,2018248,113954,0.0,67,-954.0,-959.0,5625.0,5625.0
325,2683680,118722,1.0,1,-345.0,-364.0,8217.045,8217.045
326,1767926,122153,1.0,4,-2718.0,-2723.0,5988.915,5988.915
327,1671566,111686,1.0,7,-2210.0,-2204.0,11772.315,11105.505
328,1414211,126950,1.0,3,-927.0,-938.0,20285.505,20285.505
329,2486080,181980,0.0,47,-1020.0,-1047.0,1.8,1.8
330,2006264,159023,1.0,4,-441.0,-435.0,43380.09,270.36
331,1754804,193466,1.0,9,-2528.0,-2518.0,11061.0,11061.0
332,1936679,175051,0.0,68,-2159.0,-2159.0,1170.0,1170.0
333,1856659,132674,1.0,1,-681.0,-689.0,18824.715,18824.715
334,2464677,115152,0.0,11,-54.0,-59.0,2380.41,2380.41
335,1233812,160016,0.0,4,-230.0,-230.0,176.04,176.04
336,1107964,146740,0.0,12,-67.0,-67.0,294.57,294.57
337,1861384,116406,3.0,40,-68.0,-70.0,20164.95,20164.95
338,2604986,152911,1.0,3,-457.0,-458.0,6536.34,6536.34
339,1875439,180406,3.0,8,-441.0,-451.0,17998.2,17998.2
340,1330804,189534,0.0,38,-1650.0,-1650.0,1125.0,1125.0
341,2567716,166868,0.0,36,-1449.0,-1449.0,5625.0,5625.0
342,1898097,107053,1.0,2,-1943.0,-1964.0,5175.54,5175.54
343,1985604,120621,1.0,6,-1274.0,-1296.0,29714.58,29714.58
344,1604297,145318,1.0,7,-1175.0,-1181.0,9217.035,9217.035
345,2079863,169043,0.0,81,-805.0,-805.0,428.715,428.715
346,1566390,101927,1.0,12,-627.0,-627.0,2032.515,2032.515
347,2137863,121809,1.0,2,-604.0,-607.0,44964.0,44964.0
348,1369806,174945,1.0,2,-2368.0,-2390.0,2931.75,2931.75
349,2794271,139278,0.0,61,-2047.0,-2047.0,2535.66,2535.66
350,2349615,105229,1.0,6,-78.0,-91.0,22501.35,22501.35
351,2762797,126519,0.0,6,-447.0,-450.0,2250.0,2250.0
352,2747737,114162,0.0,30,-117.0,-122.0,14941.17,14941.17
353,1183595,144701,1.0,2,-1117.0,-1148.0,9063.81,9063.81
354,2414801,156045,0.0,16,-724.0,-724.0,9.45,9.45
355,1160640,193006,0.0,117,-688.0,-688.0,973.8,973.8
356,1121686,148291,1.0,3,-2376.0,-2376.0,4921.245,4921.245
357,2031933,183465,2.0,4,-34.0,-80.0,9291.105,9291.105
358,1774832,114631,1.0,7,-1515.0,-1522.0,23965.83,23965.83
359,2413506,162893,1.0,9,-1134.0,-1149.0,8677.62,8677.62
360,2715881,124670,3.0,4,-564.0,-572.0,7972.425,49500.0
361,2715881,124670,4.0,4,-564.0,-572.0,41527.575,49500.0
362,2148582,181582,0.0,60,-147.0,-147.0,1558.35,1558.35
363,1344937,189128,1.0,1,-1289.0,-1298.0,14733.765,14733.765
364,1092159,115043,1.0,13,-2277.0,-2276.0,2639.475,2639.475
365,2165459,119551,3.0,6,-8.0,-15.0,10786.5,10786.5
366,1609673,101254,1.0,9,-1804.0,-1805.0,3546.945,3546.945
367,1634574,127631,1.0,1,-530.0,-553.0,12687.48,12687.48
368,1517132,143908,1.0,11,-481.0,-508.0,9538.74,957.6
369,2294213,110423,1.0,4,-1462.0,-1474.0,20527.56,20527.56
370,1386377,121001,0.0,75,-625.0,-625.0,1412.01,1412.01
371,2224496,187537,1.0,8,-1351.0,-1364.0,4989.51,4989.51
372,2458681,197801,1.0,11,-1100.0,-1131.0,15030.585,15030.585
373,1435878,119654,1.0,11,-317.0,-329.0,16164.99,16164.99
374,1322789,138137,1.0,2,-1234.0,-1248.0,43258.815,43258.815
375,2172704,113866,2.0,10,-118.0,-120.0,24172.65,24172.65
376,1466107,117560,2.0,21,-1051.0,-1078.0,19286.955,3.735
377,1061005,106266,1.0,3,-6.0,-6.0,3826.89,3826.89
378,1211601,162660,1.0,9,-258.0,-269.0,12750.75,12750.75
379,1420001,158167,0.0,149,-879.0,-909.0,2279.61,2279.61
380,2605557,196194,0.0,45,-668.0,-672.0,7751.79,7751.79
381,1639463,112766,1.0,10,-2835.0,-2828.0,6197.49,6197.49
382,1056669,147555,1.0,10,-2498.0,-2515.0,2416.365,2416.365
383,2458779,189249,1.0,5,-1001.0,-1004.0,13232.61,13232.61
384,2570082,125950,1.0,13,-488.0,-489.0,52156.665,52156.665
385,1216917,111045,0.0,22,-2837.0,-2837.0,421.605,421.605
386,2559871,168867,0.0,35,-355.0,-370.0,10689.93,10689.93
387,1413592,193876,1.0,12,-1853.0,-1862.0,10332.18,10332.18
388,1294178,197498,0.0,17,-201.0,-208.0,2250.0,2250.0
389,2450349,114268,1.0,2,-2847.0,-2847.0,7455.51,7455.51
390,2178493,127079,1.0,9,-802.0,-800.0,16797.645,16781.805
391,2150419,148475,1.0,6,-326.0,-332.0,7128.135,7128.135
392,1430384,194400,0.0,30,-227.0,-227.0,2.52,2.52
393,2180748,157451,1.0,7,-477.0,-478.0,25416.135,25416.135
394,1229561,152479,1.0,8,-2767.0,-2767.0,9814.5,9814.5
395,1307918,131426,1.0,5,-373.0,-364.0,10481.04,10195.2
396,2755305,108771,0.0,45,-2008.0,-2008.0,577.89,577.89
397,1076286,178299,1.0,3,-355.0,-357.0,10629.72,10629.72
398,1045541,128106,1.0,18,-467.0,-498.0,10652.625,10652.625
399,2824301,171107,1.0,5,-2588.0,-2591.0,3980.115,3980.115
400,1899638,147311,1.0,2,-874.0,-873.0,18071.145,18071.145
401,1776444,125426,0.0,114,-268.0,-268.0,133.74,133.74
402,2473182,117942,1.0,1,-2220.0,-2230.0,2910.87,2910.87
403,2427987,174154,1.0,1,-2340.0,-2351.0,8076.24,8076.24
404,1776446,183428,0.0,73,-1304.0,-1304.0,3375.0,3375.0
405,1919123,177262,1.0,7,-2124.0,-2125.0,3390.345,3390.345
406,1396421,126425,1.0,10,-893.0,-907.0,28113.075,1475.325
407,1887529,155803,1.0,6,-2733.0,-2731.0,8518.86,8493.66
408,2142964,185934,1.0,4,-976.0,-991.0,19054.35,19054.35
409,1969332,102965,1.0,3,-94.0,-110.0,6196.95,6196.95
410,1562523,115553,0.0,59,-1118.0,-1130.0,7875.0,7875.0
411,1226769,148562,1.0,1,-2409.0,-2419.0,6926.805,6926.805
412,2057044,108921,0.0,8,-175.0,-183.0,6145.875,6145.875
413,1003606,188637,0.0,67,-1329.0,-1329.0,110.655,110.655
414,1283700,125328,1.0,7,-849.0,-843.0,25804.8,10350.0
415,1668792,131472,1.0,3,-1680.0,-1682.0,6899.805,6899.805
416,1306145,120731,1.0,1,-221.0,-225.0,17269.83,17269.83
417,1760589,129136,1.0,8,-412.0,-430.0,14325.48,14325.48
418,2105069,160499,0.0,48,-1950.0,-1950.0,1125.0,1125.0
419,1437162,100299,1.0,2,-2323.0,-2293.0,15737.985,0.045
420,2661025,161344,1.0,7,-873.0,-877.0,13174.695,13174.695
421,2043739,180857,1.0,11,-434.0,-439.0,11494.125,11494.125
422,1815604,198365,1.0,6,-119.0,-154.0,30208.365,30208.365
423,1160294,131729,1.0,5,-295.0,-312.0,45227.565,45227.565
424,1469312,158946,0.0,82,-575.0,-575.0,32.805,32.805
425,2396615,185697,1.0,15,-262.0,-271.0,8178.255,8178.255
426,2082594,110096,1.0,1,-2674.0,-2674.0,3953.61,3953.61
427,1276774,160888,0.0,21,-2369.0,-2349.0,6750.0,3375.0
428,2574984,133306,0.0,20,-2604.0,-2604.0,611.415,611.415
429,1285649,192755,0.0,27,-27.0,-37.0,2515.635,2515.635
430,1171515,122382,1.0,1,-515.0,-525.0,44698.68,44698.68
431,1209499,133315,1.0,18,-375.0,-378.0,6430.365,6430.365
432,2640883,128871,0.0,79,-510.0,-510.0,44.1,44.1
433,1687419,129998,0.0,78,-1900.0,-1905.0,4050.0,4050.0
434,1027471,179791,1.0,8,-11.0,-11.0,6667.605,6667.605
435,1562018,102401,0.0,68,-1272.0,-1275.0,4500.0,4500.0
436,1562018,102401,0.0,71,-1250.0,-1250.0,450.0,450.0
437,2307390,162675,3.0,2,-581.0,-592.0,3141.045,3141.045
438,2078079,127195,0.0,14,-1151.0,-1151.0,103.59,103.59
439,2778384,151594,0.0,37,-2430.0,-2430.0,249.03,249.03
440,2270862,145261,1.0,24,-219.0,-227.0,8999.46,8999.46
441,1880116,104181,0.0,34,-162.0,-162.0,509.985,509.985
442,1918950,199875,1.0,8,-328.0,-335.0,13420.08,13420.08
443,1509469,131846,1.0,5,-311.0,-322.0,1359.99,1359.99
444,1698249,137754,1.0,4,-2199.0,-2217.0,4759.785,4759.785
445,2528722,160308,0.0,21,-29.0,-29.0,99.27,99.27
446,1461771,144352,1.0,11,-547.0,-547.0,24092.775,24092.775
447,2056851,187120,1.0,7,-58.0,-63.0,8888.445,8888.445
448,1919778,167544,2.0,4,-1684.0,-1693.0,20631.465,20631.465
449,1382153,152185,1.0,10,-2735.0,-2758.0,5118.57,5118.57
450,2322999,107827,1.0,1,-863.0,-891.0,20865.15,20865.15
451,2714872,157134,1.0,1,-2511.0,-2530.0,2890.71,2890.71
452,1007502,144339,0.0,24,-2693.0,-2693.0,815.13,815.13
453,2070700,171670,0.0,30,-819.0,-819.0,814.815,814.815
454,1376802,104523,0.0,13,-387.0,-387.0,0.225,0.225
455,1368108,173035,1.0,4,-1288.0,-1310.0,3126.42,3126.42
456,2028618,153251,0.0,16,-279.0,-279.0,981.585,981.585
457,2517544,183540,2.0,15,-1274.0,-1281.0,90982.035,90982.035
458,2126371,110125,1.0,6,-153.0,-162.0,9279.405,9279.405
459,2388615,111650,3.0,6,-160.0,-161.0,10498.14,10498.14
460,2508527,151650,1.0,16,-2005.0,-2017.0,27882.765,27882.765
461,1711809,195712,0.0,114,-1369.0,-1369.0,183.015,183.015
462,1905740,167562,1.0,29,-1782.0,-1769.0,21770.64,21139.56
463,2588967,193145,1.0,6,-1388.0,-1387.0,4488.3,4488.3
464,1787560,111112,1.0,3,-593.0,-595.0,27813.825,27813.825
465,1640481,165572,1.0,2,-2107.0,-2147.0,4596.615,4596.615
466,2715870,161740,1.0,9,-468.0,-483.0,51818.94,51818.94
467,2040162,199228,1.0,1,-581.0,-588.0,14202.36,14202.36
468,1369281,107753,1.0,9,-1701.0,-1687.0,5626.71,5406.39
469,1881048,194322,1.0,4,-1246.0,-1260.0,13030.83,13030.83
470,1836015,130712,0.0,3,-430.0,-446.0,9337.14,4500.0
471,1128516,106688,1.0,9,-888.0,-898.0,17961.075,17961.075
472,1111284,180835,1.0,16,-2172.0,-2183.0,13524.885,13524.885
473,2588712,178792,0.0,10,-1268.0,-1268.0,2238.615,2238.615
474,1466275,111588,1.0,8,-559.0,-559.0,12301.965,12301.965
475,2157785,167732,1.0,4,-1897.0,-1899.0,14214.51,14214.51
476,2323485,186909,1.0,8,-1926.0,-1956.0,3716.055,3716.055
477,2174069,189814,1.0,6,-2782.0,-2782.0,17836.2,17836.2
478,1743162,100500,1.0,11,-609.0,-620.0,6213.78,6213.78
479,1811490,140217,2.0,3,-241.0,-267.0,45049.41,45049.41
480,2578286,100736,1.0,9,-1178.0,-1264.0,21231.135,21231.135
481,1446947,149093,1.0,9,-254.0,-265.0,17466.255,17466.255
482,1618822,129283,1.0,17,-861.0,-853.0,4460.355,4372.785
483,1693733,168754,1.0,18,-786.0,-785.0,31309.74,31309.74
484,2789095,151376,0.0,30,-796.0,-796.0,504.0,504.0
485,1464369,163675,0.0,73,-1112.0,-1112.0,491.31,491.31
486,2843090,102004,0.0,21,-2714.0,-2730.0,3375.0,3375.0
487,2552287,188005,1.0,5,-1579.0,-1597.0,6146.325,6093.45
488,1915047,199785,1.0,7,-165.0,-171.0,10310.715,10310.715
489,1027053,195783,1.0,1,-299.0,-329.0,25540.38,25540.38
490,1531613,102806,1.0,8,-1275.0,-1281.0,5252.535,5252.535
491,1087392,120864,1.0,1,-1144.0,-1150.0,15170.85,15170.85
492,2347952,143952,1.0,1,-2456.0,-2466.0,3745.89,3745.89
493,1057623,157294,1.0,9,-541.0,-571.0,3604.455,3604.455
494,1467668,125500,1.0,10,-336.0,-361.0,9831.015,9831.015
495,2231224,165772,1.0,15,-226.0,-226.0,52788.78,52788.78
496,2262993,188651,1.0,6,-1236.0,-1247.0,15848.28,15848.28
497,1137617,138284,1.0,5,-206.0,-212.0,5843.7,5843.7
498,2446539,187549,0.0,22,-1958.0,-1975.0,5625.0,5625.0
499,1243094,133229,0.0,22,-688.0,-688.0,81044.595,81044.595
